standard_time,mua,ban
2015-01-01,34.95,35.15
2015-01-04,35.12,35.2
2015-01-06,34.87,34.93
2015-01-07,34.34,34.42
2015-01-08,32.98,33.12
2015-01-09,34.15,34.45
2015-01-10,33.62,33.84
2015-01-12,32.89,33.13
2015-01-13,35.26,35.36
2015-01-14,35.2,35.3
2015-01-15,35.2,35.3
2015-01-16,35.36,35.46
2015-01-17,35.5,35.6
2015-01-19,35.46,35.56
2015-01-20,35.46,35.56
2015-01-21,35.72,35.82
2015-01-22,35.61,35.71
2015-01-23,35.59,35.69
2015-01-24,35.57,35.67
2015-01-26,35.38,35.48
2015-01-27,35.32,35.42
2015-01-28,35.36,35.46
2015-01-29,35.31,35.41
2015-01-30,35.24,35.34
2015-01-31,35.33,35.43
2015-02-02,35.24,35.34
2015-02-03,35.42,35.52
2015-02-04,35.17,35.27
2015-02-05,35.0,35.13
2015-02-06,34.85,34.91
2015-02-07,34.27,34.34
2015-02-10,33.59,33.81
2015-02-11,33.56,33.78
2015-02-12,32.85,33.09
2015-02-13,35.3,35.42
2015-02-14,35.36,35.48
2015-02-16,35.6,35.8
2015-02-24,35.25,35.35
2015-02-25,35.38,35.48
2015-02-26,35.59,35.69
2015-02-27,35.42,35.55
2015-02-28,35.4,35.65
2015-03-02,35.28,35.38
2015-03-03,35.35,35.45
2015-03-04,35.16,35.26
2015-03-06,34.87,34.93
2015-03-07,34.27,34.34
2015-03-08,32.93,33.03
2015-03-09,33.97,34.25
2015-03-10,33.75,34.0
2015-03-11,33.52,33.73
2015-03-12,32.71,32.95
2015-03-13,35.24,35.34
2015-03-14,35.32,35.42
2015-03-16,35.25,35.35
2015-03-17,35.2,35.3
2015-03-18,35.18,35.28
2015-03-19,35.23,35.33
2015-03-20,35.23,35.33
2015-03-21,35.26,35.38
2015-03-23,35.26,35.36
2015-03-24,35.26,35.36
2015-03-25,35.23,35.33
2015-03-26,35.3,35.4
2015-03-27,35.23,35.33
2015-03-28,35.23,35.33
2015-03-30,35.16,35.24
2015-03-31,35.09,35.17
2015-04-02,35.21,35.31
2015-04-03,35.32,35.42
2015-04-04,35.21,35.31
2015-04-05,34.98,35.03
2015-04-06,34.82,34.88
2015-04-07,34.27,34.35
2015-04-08,32.86,32.96
2015-04-09,33.89,34.21
2015-04-11,33.33,33.56
2015-04-12,32.78,33.02
2015-04-13,35.12,35.22
2015-04-14,35.09,35.19
2015-04-15,35.09,35.19
2015-04-16,35.13,35.23
2015-04-17,35.09,35.19
2015-04-18,35.1,35.2
2015-04-20,35.03,35.13
2015-04-21,35.01,35.11
2015-04-22,35.04,35.14
2015-04-23,34.98,35.08
2015-04-24,35.0,35.1
2015-04-25,34.96,35.06
2015-04-27,34.97,35.07
2015-05-01,35.09,35.19
2015-05-02,35.23,35.33
2015-05-03,35.29,35.39
2015-05-05,34.95,35.01
2015-05-06,34.76,34.82
2015-05-08,32.8,32.92
2015-05-09,33.89,34.21
2015-05-10,33.69,33.91
2015-05-11,33.15,33.38
2015-05-12,33.0,33.25
2015-05-13,34.97,35.03
2015-05-14,35.03,35.09
2015-05-15,35.02,35.08
2015-05-16,35.04,35.1
2015-05-18,35.03,35.09
2015-05-19,34.98,35.04
2015-05-20,34.95,35.01
2015-05-21,34.95,35.01
2015-05-22,34.95,35.01
2015-05-23,34.93,34.99
2015-05-25,34.91,34.97
2015-05-26,34.88,34.94
2015-05-27,34.84,34.9
2015-05-28,34.86,34.92
2015-05-29,34.88,34.94
2015-05-30,34.89,34.95
2015-06-01,35.15,35.25
2015-06-02,35.23,35.33
2015-06-03,35.29,35.39
2015-06-04,35.26,35.36
2015-06-05,34.98,35.04
2015-06-06,34.75,34.81
2015-06-07,34.25,34.32
2015-06-08,32.75,32.87
2015-06-10,33.65,33.87
2015-06-11,33.28,33.5
2015-06-13,34.68,34.74
2015-06-15,34.66,34.72
2015-06-16,34.67,34.73
2015-06-17,34.65,34.71
2015-06-18,34.68,34.74
2015-06-19,34.66,34.76
2015-06-22,34.63,34.69
2015-06-23,34.52,34.58
2015-06-24,34.39,34.45
2015-06-25,34.33,34.4
2015-06-26,34.34,34.4
2015-06-27,34.35,34.43
2015-06-29,34.39,34.46
2015-06-30,34.39,34.46
2015-07-01,35.2,35.3
2015-07-02,35.12,35.22
2015-07-03,35.12,35.25
2015-07-04,35.18,35.28
2015-07-05,34.97,35.03
2015-07-07,34.22,34.3
2015-07-08,32.78,32.9
2015-07-09,33.92,34.18
2015-07-10,33.7,33.92
2015-07-11,33.21,33.44
2015-07-12,32.99,33.24
2015-07-13,33.93,34.0
2015-07-14,33.87,33.94
2015-07-15,33.65,33.73
2015-07-16,32.82,33.02
2015-07-17,33.25,33.5
2015-07-18,33.0,33.3
2015-07-20,32.9,33.2
2015-07-21,32.93,33.18
2015-07-22,32.92,33.1
2015-07-23,33.05,33.2
2015-07-24,32.88,33.06
2015-07-25,32.98,33.18
2015-07-27,32.96,33.09
2015-07-28,32.93,33.05
2015-07-29,32.98,33.08
2015-07-30,32.95,33.05
2015-07-31,32.94,33.04
2015-08-01,35.12,35.22
2015-08-04,35.16,35.26
2015-08-05,34.99,35.04
2015-08-06,34.71,34.77
2015-08-07,34.05,34.13
2015-08-08,32.78,32.9
2015-08-09,33.88,34.13
2015-08-10,33.65,33.87
2015-08-12,32.95,33.2
2015-08-13,34.1,34.8
2015-08-14,33.7,34.2
2015-08-15,33.75,34.25
2015-08-17,33.88,34.18
2015-08-18,33.8,34.1
2015-08-19,33.9,34.6
2015-08-20,33.9,34.55
2015-08-21,34.4,35.3
2015-08-22,34.6,35.3
2015-08-24,34.7,35.3
2015-08-25,34.6,35.15
2015-08-26,33.95,34.5
2015-08-27,33.75,34.25
2015-08-28,33.98,34.45
2015-08-29,34.05,34.55
2015-08-31,34.0,34.4
2015-09-01,35.11,35.21
2015-09-02,35.19,35.29
2015-09-03,35.21,35.31
2015-09-04,35.13,35.23
2015-09-05,34.98,35.04
2015-09-06,34.71,34.77
2015-09-07,33.98,34.06
2015-09-09,33.92,34.17
2015-09-10,33.72,33.94
2015-09-11,33.22,33.44
2015-09-12,32.99,33.24
2015-09-14,33.86,34.06
2015-09-15,33.85,34.07
2015-09-16,33.85,34.08
2015-09-17,33.94,34.16
2015-09-18,34.05,34.27
2015-09-19,34.05,34.29
2015-09-21,34.02,34.25
2015-09-22,33.92,34.14
2015-09-23,33.83,34.05
2015-09-24,33.88,34.1
2015-09-25,33.92,34.14
2015-09-26,33.9,34.15
2015-09-28,33.76,33.98
2015-09-29,33.66,33.88
2015-09-30,33.67,33.9
2015-10-01,35.17,35.27
2015-10-02,35.2,35.3
2015-10-03,35.17,35.27
2015-10-04,35.14,35.24
2015-10-06,34.68,34.74
2015-10-07,33.95,34.04
2015-10-08,32.82,32.92
2015-10-09,33.9,34.1
2015-10-10,33.73,33.96
2015-10-11,33.25,33.47
2015-10-12,32.93,33.18
2015-10-13,33.75,33.97
2015-10-14,33.84,34.06
2015-10-15,33.94,34.17
2015-10-16,33.89,34.12
2015-10-17,33.85,34.08
2015-10-19,33.76,33.98
2015-10-20,33.74,33.96
2015-10-21,33.76,33.98
2015-10-22,33.75,33.97
2015-10-23,33.78,34.0
2015-10-24,33.71,33.96
2015-10-26,33.73,33.95
2015-10-27,33.73,33.95
2015-10-28,33.73,33.95
2015-10-29,33.65,33.87
2015-10-30,33.57,33.8
2015-10-31,33.56,33.79
2015-11-02,35.21,35.31
2015-11-03,35.18,35.28
2015-11-04,35.17,35.27
2015-11-05,34.97,35.03
2015-11-06,34.66,34.72
2015-11-07,33.98,34.07
2015-11-08,32.92,33.06
2015-11-09,33.93,34.13
2015-11-11,33.22,33.44
2015-11-12,32.89,33.14
2015-11-13,33.14,33.36
2015-11-14,33.14,33.36
2015-11-16,33.26,33.49
2015-11-17,33.19,33.42
2015-11-18,33.07,33.3
2015-11-19,33.14,33.37
2015-11-20,33.17,33.4
2015-11-21,33.15,33.38
2015-11-23,33.06,33.3
2015-11-24,33.06,33.29
2015-11-25,33.05,33.29
2015-11-26,33.05,33.29
2015-11-27,33.0,33.25
2015-11-28,32.94,33.21
2015-11-30,32.84,33.08
2015-12-01,35.17,35.27
2015-12-02,35.23,35.33
2015-12-03,35.2,35.3
2015-12-05,34.96,35.02
2015-12-06,34.67,34.73
2015-12-08,33.37,33.72
2015-12-09,33.88,34.13
2015-12-10,33.82,34.04
2015-12-11,33.2,33.42
2015-12-12,32.92,33.17
2015-12-14,32.87,33.12
2015-12-15,32.8,33.05
2015-12-16,32.83,33.08
2015-12-17,32.79,33.06
2015-12-18,32.71,32.99
2015-12-19,32.78,33.05
2015-12-21,32.81,33.08
2015-12-22,32.81,33.08
2015-12-23,32.77,33.05
2015-12-24,32.8,33.08
2015-12-25,32.77,33.05
2015-12-26,32.76,33.04
2015-12-28,32.6,32.95
2015-12-29,32.47,32.87
2015-12-30,32.42,32.8
2015-12-31,32.2,32.7
2016-01-01,32.55,32.9
2016-01-02,32.67,32.94
2016-01-03,33.37,33.67
2016-01-04,33.08,33.33
2016-01-06,33.22,33.46
2016-01-07,35.23,35.58
2016-01-08,36.47,36.74
2016-01-09,35.93,36.2
2016-01-10,35.92,36.17
2016-01-11,35.72,35.95
2016-01-12,35.62,35.82
2016-01-13,32.62,32.88
2016-01-14,32.66,32.92
2016-01-15,32.61,32.87
2016-01-16,32.65,32.92
2016-01-18,32.57,32.83
2016-01-19,32.59,32.85
2016-01-20,32.58,32.84
2016-01-21,32.64,32.9
2016-01-22,32.6,32.86
2016-01-23,32.64,32.91
2016-01-25,32.59,32.86
2016-01-26,32.66,32.92
2016-01-27,32.68,32.95
2016-01-28,32.69,32.95
2016-01-29,32.62,32.89
2016-01-30,32.65,32.92
2016-02-01,32.58,32.88
2016-02-02,32.73,33.0
2016-02-03,33.24,33.54
2016-02-04,33.0,33.27
2016-02-06,33.22,33.46
2016-02-07,35.45,35.85
2016-02-08,36.59,36.85
2016-02-11,36.2,36.65
2016-02-12,35.95,36.2
2016-02-15,33.38,33.73
2016-02-16,33.45,33.8
2016-02-17,33.1,33.55
2016-02-18,33.13,33.45
2016-02-19,33.27,33.63
2016-02-20,33.3,33.65
2016-02-22,33.12,33.42
2016-02-23,33.22,33.52
2016-02-24,33.36,33.66
2016-02-25,33.35,33.65
2016-02-26,33.3,33.6
2016-02-27,33.2,33.5
2016-02-29,33.29,33.59
2016-03-02,32.8,33.07
2016-03-03,33.31,33.61
2016-03-06,33.16,33.4
2016-03-08,36.7,36.97
2016-03-10,35.9,36.12
2016-03-11,35.9,36.4
2016-03-12,36.0,36.3
2016-03-14,33.68,33.96
2016-03-15,33.48,33.78
2016-03-16,33.4,33.7
2016-03-17,33.65,33.92
2016-03-18,33.65,33.87
2016-03-19,33.66,33.88
2016-03-21,33.47,33.72
2016-03-22,33.5,33.75
2016-03-23,33.39,33.64
2016-03-24,33.15,33.4
2016-03-25,33.15,33.4
2016-03-26,33.15,33.42
2016-03-28,33.04,33.29
2016-03-29,33.01,33.26
2016-03-30,33.1,33.35
2016-03-31,33.09,33.34
2016-04-01,32.67,32.92
2016-04-02,32.97,33.25
2016-04-03,33.82,34.07
2016-04-04,32.99,33.24
2016-04-05,33.78,33.98
2016-04-06,33.43,33.68
2016-04-07,36.35,36.9
2016-04-08,36.6,36.85
2016-04-10,35.83,36.05
2016-04-11,36.05,36.5
2016-04-13,33.2,33.45
2016-04-14,33.12,33.37
2016-04-15,33.05,33.3
2016-04-18,33.1,33.4
2016-04-19,33.12,33.34
2016-04-20,33.21,33.43
2016-04-21,33.3,33.52
2016-04-22,33.2,33.43
2016-04-23,33.12,33.37
2016-04-25,33.07,33.32
2016-04-26,33.05,33.3
2016-04-27,33.17,33.34
2016-04-28,33.25,33.5
2016-04-29,33.6,33.8
2016-04-30,33.95,34.35
2016-05-01,32.61,32.89
2016-05-02,33.08,33.38
2016-05-03,33.73,34.03
2016-05-04,33.03,33.28
2016-05-05,33.74,33.94
2016-05-07,36.35,36.9
2016-05-08,36.66,36.91
2016-05-09,36.15,36.38
2016-05-10,35.27,35.52
2016-05-11,36.05,36.55
2016-05-12,36.1,36.35
2016-05-13,33.9,34.1
2016-05-14,33.84,34.07
2016-05-16,33.97,34.2
2016-05-17,33.93,34.16
2016-05-18,33.92,34.15
2016-05-19,33.74,33.97
2016-05-20,33.78,34.01
2016-05-21,33.73,33.96
2016-05-23,33.66,33.89
2016-05-24,33.52,33.74
2016-05-25,33.19,33.44
2016-05-26,33.27,33.5
2016-05-27,33.2,33.43
2016-05-28,33.14,33.39
2016-05-30,33.08,33.33
2016-05-31,33.11,33.35
2016-06-01,32.61,32.89
2016-06-04,32.98,33.23
2016-06-05,33.83,34.03
2016-06-06,33.39,33.63
2016-06-07,38.7,39.7
2016-06-08,36.33,36.62
2016-06-09,36.15,36.39
2016-06-10,35.25,35.5
2016-06-12,36.25,36.65
2016-06-13,34.02,34.27
2016-06-14,33.9,34.15
2016-06-15,33.99,34.24
2016-06-16,34.51,34.81
2016-06-17,34.08,34.38
2016-06-18,34.37,34.67
2016-06-20,34.17,34.47
2016-06-21,34.06,34.36
2016-06-22,33.69,33.99
2016-06-23,33.8,34.1
2016-06-24,34.6,35.1
2016-06-25,34.65,35.15
2016-06-27,34.85,35.35
2016-06-28,34.64,35.04
2016-06-29,34.9,35.22
2016-06-30,34.9,35.22
2016-07-01,32.74,33.02
2016-07-03,33.8,34.05
2016-07-04,33.08,33.33
2016-07-05,33.95,34.17
2016-07-06,33.34,33.58
2016-07-07,36.5,37.5
2016-07-09,36.31,36.57
2016-07-10,35.25,35.5
2016-07-11,35.9,36.3
2016-07-12,36.05,36.45
2016-07-13,36.65,37.05
2016-07-14,36.42,36.86
2016-07-15,36.49,36.87
2016-07-16,36.68,37.1
2016-07-18,36.45,36.83
2016-07-19,36.44,36.82
2016-07-20,36.42,36.78
2016-07-21,36.33,36.66
2016-07-22,36.35,36.68
2016-07-23,36.31,36.65
2016-07-25,36.22,36.53
2016-07-26,36.3,36.58
2016-07-27,36.24,36.5
2016-07-28,36.46,36.72
2016-07-29,36.32,36.57
2016-07-30,36.47,36.75
2016-08-01,32.78,33.08
2016-08-03,33.9,34.15
2016-08-04,33.05,33.25
2016-08-06,33.43,33.67
2016-08-07,36.6,37.3
2016-08-08,36.32,36.58
2016-08-09,36.3,36.55
2016-08-10,35.34,35.59
2016-08-11,35.9,36.28
2016-08-12,36.08,36.48
2016-08-13,36.38,36.65
2016-08-15,36.45,36.7
2016-08-16,36.54,36.78
2016-08-17,36.46,36.71
2016-08-18,36.49,36.75
2016-08-19,36.48,36.73
2016-08-20,36.4,36.67
2016-08-22,36.35,36.61
2016-08-23,36.39,36.65
2016-08-24,36.37,36.63
2016-08-25,36.3,36.56
2016-08-26,36.33,36.58
2016-08-27,36.29,36.55
2016-08-29,36.24,36.5
2016-08-30,36.22,36.49
2016-08-31,36.13,36.39
2016-09-01,32.84,33.14
2016-09-03,33.68,33.93
2016-09-04,33.05,33.28
2016-09-05,33.82,34.02
2016-09-06,33.56,33.8
2016-09-07,36.9,37.6
2016-09-08,36.38,36.63
2016-09-09,36.17,36.42
2016-09-11,36.45,37.1
2016-09-12,35.9,36.3
2016-09-13,36.08,36.33
2016-09-14,36.05,36.29
2016-09-15,36.01,36.25
2016-09-16,35.96,36.21
2016-09-17,35.95,36.2
2016-09-19,36.0,36.25
2016-09-20,35.99,36.24
2016-09-21,36.05,36.3
2016-09-22,36.1,36.36
2016-09-23,36.1,36.34
2016-09-24,36.1,36.35
2016-09-26,36.04,36.28
2016-09-27,36.02,36.24
2016-09-28,35.92,36.14
2016-09-29,35.91,36.13
2016-09-30,35.98,36.23
2016-10-03,33.55,33.8
2016-10-05,33.68,33.88
2016-10-06,33.69,33.93
2016-10-08,36.54,36.8
2016-10-09,36.09,36.36
2016-10-10,35.5,35.75
2016-10-11,36.15,36.5
2016-10-12,35.85,36.25
2016-10-13,35.43,35.67
2016-10-14,35.42,35.67
2016-10-15,35.4,35.65
2016-10-17,35.37,35.62
2016-10-18,35.43,35.65
2016-10-19,35.5,35.73
2016-10-20,35.48,35.71
2016-10-21,35.45,35.67
2016-10-22,35.47,35.7
2016-10-24,35.47,35.7
2016-10-25,35.51,35.75
2016-10-26,35.55,35.78
2016-10-27,35.55,35.78
2016-10-28,35.55,35.78
2016-10-29,35.61,35.85
2016-10-31,35.59,35.82
2016-11-01,32.85,33.15
2016-11-03,33.73,34.03
2016-11-04,33.2,33.43
2016-11-05,33.83,34.03
2016-11-06,33.81,34.06
2016-11-07,36.9,37.5
2016-11-08,36.46,36.72
2016-11-10,35.45,35.7
2016-11-11,35.88,36.15
2016-11-14,35.7,35.95
2016-11-15,35.75,36.0
2016-11-16,35.75,36.0
2016-11-17,35.73,35.96
2016-11-18,35.6,35.8
2016-11-19,35.65,35.85
2016-11-21,35.67,35.85
2016-11-22,35.72,35.88
2016-11-23,35.66,35.82
2016-11-24,35.43,35.62
2016-11-25,35.45,35.63
2016-11-26,35.51,35.71
2016-11-28,35.63,35.83
2016-11-29,35.59,35.79
2016-11-30,35.62,35.82
2016-12-01,32.76,33.06
2016-12-02,33.5,34.4
2016-12-03,33.62,33.92
2016-12-04,33.37,33.62
2016-12-05,33.8,34.0
2016-12-07,36.7,37.3
2016-12-08,36.39,36.65
2016-12-09,36.06,36.31
2016-12-10,35.4,35.64
2016-12-11,35.45,35.8
2016-12-12,35.94,36.39
2016-12-13,36.0,36.5
2016-12-14,36.1,36.6
2016-12-15,35.6,36.2
2016-12-16,35.55,36.15
2016-12-17,35.7,36.3
2016-12-19,35.85,36.5
2016-12-20,35.83,36.48
2016-12-21,35.85,36.5
2016-12-22,35.58,36.28
2016-12-23,35.62,36.32
2016-12-24,35.76,36.46
2016-12-26,35.62,36.32
2016-12-27,35.75,36.45
2016-12-28,35.67,36.42
2016-12-29,35.6,36.4
2016-12-30,35.73,36.45
2016-12-31,35.0,36.1
2017-01-03,36.63,36.9
2017-01-04,36.35,36.55
2017-01-06,36.23,36.43
2017-01-07,36.18,36.38
2017-01-08,36.12,36.32
2017-01-09,36.45,36.65
2017-01-11,36.42,36.62
2017-01-12,36.33,36.53
2017-01-13,36.42,36.72
2017-01-14,36.43,36.73
2017-01-16,36.45,36.75
2017-01-17,36.45,36.75
2017-01-18,36.47,36.77
2017-01-23,36.37,36.74
2017-01-24,36.52,36.92
2017-01-25,36.1,36.8
2017-02-02,37.43,37.83
2017-02-03,36.65,36.92
2017-02-05,36.63,36.88
2017-02-06,36.22,36.42
2017-02-08,36.12,36.32
2017-02-09,36.45,36.65
2017-02-10,36.3,36.5
2017-02-11,36.42,36.62
2017-02-12,36.36,36.56
2017-02-13,36.64,36.94
2017-02-14,36.66,36.96
2017-02-15,36.67,36.97
2017-02-16,36.77,37.07
2017-02-17,36.75,37.05
2017-02-18,36.69,36.99
2017-02-20,36.7,36.97
2017-02-21,36.63,36.93
2017-02-22,36.68,36.95
2017-02-23,36.65,36.92
2017-02-24,36.75,37.03
2017-02-25,36.72,37.02
2017-02-27,36.68,36.95
2017-02-28,36.65,36.91
2017-03-01,36.0,36.4
2017-03-02,37.23,37.63
2017-03-03,36.57,36.82
2017-03-04,36.32,36.52
2017-03-05,36.52,36.72
2017-03-06,36.32,36.54
2017-03-07,36.11,36.31
2017-03-08,36.15,36.35
2017-03-10,36.25,36.45
2017-03-11,36.4,36.6
2017-03-13,36.43,36.68
2017-03-14,36.4,36.65
2017-03-15,36.42,36.67
2017-03-16,36.55,36.8
2017-03-17,36.52,36.77
2017-03-18,36.51,36.76
2017-03-20,36.49,36.74
2017-03-21,36.45,36.65
2017-03-22,36.52,36.72
2017-03-23,36.45,36.65
2017-03-24,36.43,36.63
2017-03-25,36.46,36.66
2017-03-27,36.45,36.65
2017-03-28,36.44,36.64
2017-03-29,36.44,36.64
2017-03-30,36.4,36.6
2017-03-31,36.34,36.54
2017-04-01,36.22,36.52
2017-04-02,37.25,37.65
2017-04-03,36.63,36.88
2017-04-04,36.38,36.58
2017-04-05,36.31,36.54
2017-04-07,36.03,36.25
2017-04-08,36.2,36.4
2017-04-09,36.6,36.85
2017-04-10,36.36,36.56
2017-04-11,36.38,36.58
2017-04-12,36.34,36.54
2017-04-13,36.69,36.89
2017-04-14,36.84,37.04
2017-04-18,36.63,36.88
2017-04-19,36.57,36.8
2017-04-20,36.54,36.76
2017-04-21,36.65,36.85
2017-04-22,36.65,36.88
2017-04-24,36.56,36.76
2017-04-25,36.53,36.73
2017-04-26,36.53,36.73
2017-04-27,36.53,36.73
2017-04-28,36.65,36.85
2017-04-29,36.63,36.88
2017-05-01,36.35,36.65
2017-05-04,36.34,36.54
2017-05-05,36.43,36.65
2017-05-06,36.33,36.53
2017-05-07,36.07,36.29
2017-05-08,36.15,36.35
2017-05-09,36.58,36.78
2017-05-10,36.4,36.6
2017-05-12,36.32,36.52
2017-05-13,36.4,36.62
2017-05-15,36.42,36.62
2017-05-16,36.4,36.6
2017-05-17,36.43,36.63
2017-05-18,36.5,36.7
2017-05-20,36.43,36.63
2017-05-22,36.4,36.6
2017-05-23,36.38,36.58
2017-05-24,36.31,36.51
2017-05-25,36.34,36.54
2017-05-26,36.38,36.58
2017-05-27,36.38,36.6
2017-05-29,36.33,36.53
2017-05-30,36.28,36.48
2017-05-31,36.2,36.4
2017-06-01,36.27,36.57
2017-06-02,36.55,37.35
2017-06-03,36.56,36.81
2017-06-05,36.3,36.63
2017-06-06,36.35,36.55
2017-06-07,36.07,36.29
2017-06-09,36.85,37.05
2017-06-10,36.37,36.57
2017-06-11,36.42,36.62
2017-06-12,36.32,36.52
2017-06-13,36.2,36.4
2017-06-14,36.24,36.44
2017-06-15,36.23,36.43
2017-06-16,36.16,36.36
2017-06-19,36.15,36.35
2017-06-20,36.14,36.34
2017-06-21,36.13,36.33
2017-06-22,36.17,36.37
2017-06-23,36.27,36.47
2017-06-24,36.27,36.47
2017-06-26,36.15,36.35
2017-06-27,36.18,36.38
2017-06-28,36.19,36.39
2017-06-29,36.16,36.36
2017-06-30,36.17,36.37
2017-07-01,36.34,36.64
2017-07-02,36.6,36.95
2017-07-03,36.47,36.74
2017-07-04,36.4,36.6
2017-07-06,36.39,36.59
2017-07-07,36.07,36.29
2017-07-08,36.16,36.36
2017-07-09,36.85,37.05
2017-07-10,36.41,36.61
2017-07-11,36.43,36.63
2017-07-12,36.25,36.45
2017-07-13,36.16,36.36
2017-07-14,36.12,36.34
2017-07-15,36.17,36.4
2017-07-17,36.19,36.41
2017-07-18,36.19,36.41
2017-07-19,36.18,36.38
2017-07-20,36.16,36.36
2017-07-21,36.2,36.4
2017-07-22,36.23,36.43
2017-07-24,36.19,36.39
2017-07-25,36.13,36.33
2017-07-26,36.06,36.26
2017-07-27,36.15,36.35
2017-07-28,36.1,36.3
2017-07-29,36.16,36.36
2017-07-31,36.13,36.33
2017-08-02,36.77,37.07
2017-08-03,36.4,36.64
2017-08-04,36.4,36.6
2017-08-05,36.42,36.62
2017-08-06,36.34,36.54
2017-08-07,36.04,36.27
2017-08-08,36.1,36.3
2017-08-09,37.06,37.28
2017-08-11,36.44,36.64
2017-08-12,36.18,36.38
2017-08-14,36.28,36.48
2017-08-15,36.19,36.39
2017-08-16,36.13,36.33
2017-08-17,36.25,36.45
2017-08-18,36.32,36.52
2017-08-19,36.3,36.5
2017-08-21,36.28,36.48
2017-08-22,36.25,36.45
2017-08-23,36.23,36.43
2017-08-24,36.22,36.42
2017-08-25,36.25,36.45
2017-08-26,36.28,36.48
2017-08-28,36.3,36.5
2017-08-29,36.53,36.73
2017-08-30,36.39,36.59
2017-08-31,36.36,36.56
2017-09-01,36.32,36.62
2017-09-02,36.97,37.27
2017-09-03,36.36,36.61
2017-09-05,36.4,36.6
2017-09-06,36.27,36.47
2017-09-08,36.12,36.32
2017-09-09,36.94,37.16
2017-09-10,36.41,36.61
2017-09-11,36.45,36.65
2017-09-12,36.2,36.4
2017-09-13,36.58,36.78
2017-09-14,36.5,36.7
2017-09-15,36.65,36.85
2017-09-16,36.6,36.8
2017-09-18,36.6,36.8
2017-09-19,36.56,36.76
2017-09-20,36.6,36.8
2017-09-21,36.48,36.68
2017-09-22,36.5,36.7
2017-09-23,36.53,36.73
2017-09-25,36.5,36.7
2017-09-26,36.52,36.72
2017-09-27,36.4,36.6
2017-09-28,36.35,36.55
2017-09-29,36.45,36.65
2017-09-30,36.4,36.6
2017-10-01,36.31,36.61
2017-10-02,36.72,37.02
2017-10-03,36.33,36.58
2017-10-04,36.4,36.6
2017-10-05,36.34,36.54
2017-10-06,36.22,36.44
2017-10-07,36.02,36.24
2017-10-08,36.24,36.44
2017-10-10,36.44,36.64
2017-10-11,36.42,36.62
2017-10-13,36.46,36.66
2017-10-14,36.53,36.73
2017-10-16,36.5,36.7
2017-10-17,36.35,36.55
2017-10-18,36.32,36.52
2017-10-19,36.32,36.52
2017-10-20,36.32,36.52
2017-10-21,36.34,36.54
2017-10-23,36.33,36.53
2017-10-24,36.3,36.5
2017-10-25,36.27,36.47
2017-10-26,36.27,36.47
2017-10-27,36.29,36.49
2017-10-28,36.34,36.54
2017-10-30,36.3,36.5
2017-10-31,36.38,36.58
2017-11-01,36.32,36.62
2017-11-02,36.8,37.1
2017-11-03,36.4,36.65
2017-11-04,36.4,36.6
2017-11-05,36.33,36.53
2017-11-07,36.04,36.26
2017-11-08,36.33,36.53
2017-11-09,36.78,36.98
2017-11-10,36.43,36.63
2017-11-11,36.41,36.61
2017-11-12,36.27,36.47
2017-11-13,36.42,36.62
2017-11-14,36.35,36.55
2017-11-15,36.42,36.62
2017-11-16,36.36,36.56
2017-11-17,36.35,36.55
2017-11-18,36.43,36.63
2017-11-20,36.37,36.57
2017-11-21,36.4,36.6
2017-11-22,36.42,36.62
2017-11-23,36.4,36.6
2017-11-24,36.4,36.6
2017-11-25,36.4,36.6
2017-11-27,36.4,36.6
2017-11-28,36.38,36.58
2017-11-29,36.4,36.6
2017-11-30,36.31,36.51
2017-12-01,36.47,36.77
2017-12-04,36.52,36.72
2017-12-05,36.4,36.6
2017-12-06,36.24,36.44
2017-12-07,36.1,36.32
2017-12-08,36.35,36.55
2017-12-09,36.54,36.74
2017-12-10,36.49,36.69
2017-12-12,36.3,36.5
2017-12-13,36.26,36.46
2017-12-14,36.3,36.5
2017-12-15,36.3,36.5
2017-12-16,36.32,36.52
2017-12-18,36.32,36.52
2017-12-19,36.34,36.54
2017-12-20,36.3,36.5
2017-12-21,36.28,36.48
2017-12-22,36.32,36.52
2017-12-23,36.37,36.57
2017-12-25,36.33,36.53
2017-12-26,36.3,36.54
2017-12-27,36.33,36.58
2017-12-28,36.37,36.59
2017-12-29,36.34,36.56
2017-12-30,35.5,36.44
2018-01-01,36.47,36.67
2018-01-02,36.67,36.87
2018-01-03,36.51,36.69
2018-01-06,36.57,36.72
2018-01-08,36.66,36.84
2018-01-09,36.6,36.77
2018-01-10,36.35,36.5
2018-01-11,36.34,36.48
2018-01-12,36.32,36.48
2018-01-13,36.75,36.95
2018-01-15,36.8,37.0
2018-01-16,36.67,36.87
2018-01-17,36.67,36.87
2018-01-18,36.57,36.77
2018-01-19,36.69,36.86
2018-01-20,36.68,36.85
2018-01-22,36.7,36.87
2018-01-23,36.71,36.88
2018-01-24,36.81,36.98
2018-01-25,36.96,37.16
2018-01-26,36.95,37.15
2018-01-27,36.9,37.1
2018-01-29,36.8,36.98
2018-01-30,36.69,36.89
2018-01-31,36.68,36.88
2018-02-01,36.55,36.75
2018-02-02,36.76,36.92
2018-02-03,36.61,36.77
2018-02-04,36.64,36.82
2018-02-05,36.53,36.71
2018-02-06,36.55,36.7
2018-02-07,36.67,36.85
2018-02-08,36.61,36.79
2018-02-10,36.35,36.5
2018-02-11,36.41,36.56
2018-02-13,36.92,37.12
2018-02-21,36.87,37.12
2018-02-22,36.88,37.01
2018-02-23,36.86,36.99
2018-02-24,36.8,36.98
2018-02-25,36.75,37.05
2018-02-26,36.8,36.95
2018-02-27,36.77,36.92
2018-02-28,36.54,36.7
2018-03-01,36.5,36.7
2018-03-02,36.71,36.88
2018-03-03,36.62,36.82
2018-03-04,36.7,36.88
2018-03-05,36.53,36.71
2018-03-07,36.7,36.88
2018-03-08,36.53,36.71
2018-03-10,36.43,36.58
2018-03-11,36.44,36.6
2018-03-12,36.32,36.48
2018-03-13,36.55,36.73
2018-03-14,36.58,36.76
2018-03-15,36.58,36.76
2018-03-16,36.57,36.75
2018-03-17,36.55,36.73
2018-03-19,36.49,36.67
2018-03-20,36.51,36.69
2018-03-21,36.52,36.7
2018-03-22,36.61,36.79
2018-03-23,36.64,36.82
2018-03-24,36.82,37.02
2018-03-26,36.88,37.04
2018-03-27,36.93,37.11
2018-03-28,36.8,36.98
2018-03-29,36.6,36.8
2018-03-30,36.56,36.73
2018-03-31,36.65,36.83
2018-04-01,36.44,36.64
2018-04-04,36.63,36.81
2018-04-05,36.57,36.75
2018-04-06,36.56,36.71
2018-04-07,36.71,36.9
2018-04-08,36.65,36.83
2018-04-09,36.59,36.76
2018-04-10,36.37,36.51
2018-04-12,36.34,36.5
2018-04-13,36.75,36.93
2018-04-14,36.85,37.03
2018-04-17,36.87,37.05
2018-04-18,36.85,37.03
2018-04-19,36.85,37.03
2018-04-20,36.85,37.03
2018-04-21,36.72,36.92
2018-04-23,36.73,36.93
2018-04-24,36.52,36.72
2018-04-26,36.64,36.84
2018-04-27,36.55,36.73
2018-04-28,36.65,36.85
2018-05-01,36.49,36.69
2018-05-02,36.67,36.84
2018-05-03,36.68,36.86
2018-05-04,36.65,36.83
2018-05-05,36.6,36.78
2018-05-06,36.54,36.69
2018-05-07,36.67,36.86
2018-05-09,36.54,36.71
2018-05-10,36.38,36.52
2018-05-11,36.46,36.61
2018-05-12,36.32,36.48
2018-05-14,36.65,36.83
2018-05-15,36.63,36.81
2018-05-16,36.42,36.62
2018-05-17,36.46,36.66
2018-05-18,36.45,36.65
2018-05-19,36.52,36.72
2018-05-21,36.52,36.72
2018-05-22,36.49,36.69
2018-05-23,36.48,36.68
2018-05-24,36.5,36.7
2018-05-25,36.6,36.75
2018-05-26,36.58,36.73
2018-05-28,36.55,36.7
2018-05-29,36.56,36.71
2018-05-30,36.58,36.73
2018-05-31,36.59,36.74
2018-06-01,36.48,36.68
2018-06-02,36.75,36.92
2018-06-03,36.64,36.82
2018-06-04,36.62,36.8
2018-06-06,36.59,36.75
2018-06-07,36.7,36.89
2018-06-08,36.68,36.86
2018-06-09,36.6,36.77
2018-06-10,36.38,36.52
2018-06-11,36.4,36.55
2018-06-12,36.28,36.44
2018-06-13,36.86,37.04
2018-06-14,36.84,37.04
2018-06-15,36.77,36.97
2018-06-16,36.67,36.87
2018-06-18,36.7,36.87
2018-06-19,36.8,36.98
2018-06-20,36.72,36.9
2018-06-21,36.72,36.9
2018-06-22,36.7,36.87
2018-06-23,36.81,36.99
2018-06-25,36.79,36.96
2018-06-26,36.75,36.9
2018-06-27,36.68,36.85
2018-06-28,36.67,36.84
2018-06-29,36.61,36.78
2018-06-30,36.63,36.81
2018-07-02,36.7,36.87
2018-07-03,36.66,36.84
2018-07-04,36.62,36.82
2018-07-05,36.6,36.78
2018-07-06,36.56,36.72
2018-07-07,36.75,36.93
2018-07-08,36.65,36.83
2018-07-09,36.6,36.77
2018-07-11,36.36,36.52
2018-07-12,36.26,36.42
2018-07-13,36.79,36.97
2018-07-14,36.86,37.04
2018-07-16,36.83,37.01
2018-07-17,36.76,36.94
2018-07-18,36.68,36.86
2018-07-19,36.61,36.79
2018-07-20,36.56,36.74
2018-07-21,36.72,36.9
2018-07-23,36.76,36.94
2018-07-24,36.68,36.86
2018-07-25,36.76,36.94
2018-07-26,36.8,36.98
2018-07-27,36.68,36.86
2018-07-28,36.75,36.93
2018-07-30,36.73,36.91
2018-07-31,36.7,36.88
2018-08-01,36.4,36.6
2018-08-02,36.53,36.7
2018-08-03,36.64,36.82
2018-08-05,36.57,36.75
2018-08-06,36.58,36.74
2018-08-08,36.66,36.84
2018-08-09,36.57,36.74
2018-08-10,36.38,36.52
2018-08-11,36.41,36.57
2018-08-12,36.32,36.48
2018-08-13,36.62,36.8
2018-08-14,36.54,36.72
2018-08-15,36.54,36.72
2018-08-16,36.51,36.69
2018-08-17,36.56,36.74
2018-08-18,36.62,36.8
2018-08-20,36.62,36.8
2018-08-21,36.61,36.79
2018-08-22,36.57,36.75
2018-08-23,36.56,36.74
2018-08-24,36.55,36.73
2018-08-25,36.65,36.83
2018-08-27,36.63,36.81
2018-08-28,36.62,36.8
2018-08-29,36.57,36.74
2018-08-30,36.56,36.73
2018-08-31,36.57,36.74
2018-09-01,36.4,36.6
2018-09-02,36.6,36.78
2018-09-03,36.59,36.77
2018-09-04,36.63,36.81
2018-09-05,36.55,36.73
2018-09-06,36.64,36.8
2018-09-07,36.8,36.98
2018-09-08,36.62,36.79
2018-09-10,36.38,36.52
2018-09-11,36.36,36.52
2018-09-13,36.56,36.73
2018-09-14,36.55,36.7
2018-09-15,36.52,36.68
2018-09-17,36.52,36.68
2018-09-18,36.54,36.7
2018-09-19,36.53,36.68
2018-09-20,36.54,36.69
2018-09-21,36.55,36.7
2018-09-22,36.52,36.67
2018-09-24,36.5,36.65
2018-09-25,36.46,36.61
2018-09-26,36.41,36.56
2018-09-27,36.41,36.56
2018-09-28,36.32,36.47
2018-09-29,36.28,36.43
2018-10-01,36.41,36.61
2018-10-02,36.7,36.93
2018-10-03,36.62,36.82
2018-10-04,36.67,36.85
2018-10-05,36.57,36.75
2018-10-07,36.82,37.0
2018-10-08,36.61,36.78
2018-10-09,36.57,36.74
2018-10-10,36.39,36.53
2018-10-11,36.34,36.5
2018-10-12,36.36,36.52
2018-10-13,36.47,36.61
2018-10-15,36.49,36.63
2018-10-16,36.51,36.65
2018-10-17,36.48,36.62
2018-10-18,36.5,36.64
2018-10-19,36.52,36.66
2018-10-20,36.49,36.63
2018-10-22,36.5,36.64
2018-10-23,36.46,36.6
2018-10-24,36.5,36.64
2018-10-25,36.52,36.66
2018-10-26,36.45,36.59
2018-10-27,36.5,36.64
2018-10-29,36.48,36.62
2018-10-30,36.42,36.56
2018-10-31,36.38,36.52
2018-11-01,36.45,36.65
2018-11-04,36.72,36.9
2018-11-05,36.6,36.8
2018-11-06,36.71,36.87
2018-11-07,36.79,36.97
2018-11-08,36.62,36.79
2018-11-09,36.52,36.69
2018-11-10,36.37,36.51
2018-11-12,36.34,36.5
2018-11-13,36.31,36.47
2018-11-14,36.34,36.48
2018-11-15,36.36,36.5
2018-11-16,36.44,36.6
2018-11-17,36.52,36.68
2018-11-19,36.52,36.68
2018-11-20,36.49,36.65
2018-11-21,36.43,36.59
2018-11-22,36.43,36.59
2018-11-23,36.41,36.57
2018-11-24,36.38,36.54
2018-11-26,36.38,36.54
2018-11-27,36.35,36.51
2018-11-28,36.3,36.46
2018-11-29,36.33,36.49
2018-11-30,36.33,36.49
2018-12-01,36.6,36.8
2018-12-02,36.82,37.04
2018-12-03,36.58,36.76
2018-12-04,36.85,37.03
2018-12-05,36.6,36.78
2018-12-06,36.81,36.97
2018-12-07,36.79,36.97
2018-12-09,36.55,36.72
2018-12-10,36.46,36.6
2018-12-11,36.35,36.51
2018-12-12,36.31,36.47
2018-12-13,36.23,36.39
2018-12-14,36.22,36.38
2018-12-15,36.28,36.44
2018-12-17,36.25,36.43
2018-12-18,36.28,36.46
2018-12-19,36.24,36.42
2018-12-20,36.21,36.39
2018-12-21,36.28,36.46
2018-12-22,36.24,36.42
2018-12-24,36.26,36.44
2018-12-25,36.29,36.47
2018-12-26,36.22,36.4
2018-12-27,36.28,36.46
2018-12-28,36.3,36.48
2018-12-29,36.33,36.55
2018-12-31,36.33,36.55
2019-01-02,36.94,37.14
2019-01-03,36.74,36.94
2019-01-04,36.46,36.57
2019-01-06,36.5,36.7
2019-01-07,38.25,38.5
2019-01-08,39.6,39.8
2019-01-10,41.25,41.55
2019-01-11,41.82,42.1
2019-01-14,36.57,36.75
2019-01-15,36.51,36.69
2019-01-16,36.49,36.67
2019-01-17,36.47,36.65
2019-01-18,36.58,36.76
2019-01-19,36.52,36.7
2019-01-21,36.52,36.7
2019-01-22,36.39,36.57
2019-01-23,36.36,36.54
2019-01-24,36.4,36.58
2019-01-25,36.36,36.54
2019-01-26,36.58,36.78
2019-01-28,36.63,36.83
2019-01-29,36.6,36.8
2019-01-30,36.72,36.92
2019-01-31,36.78,36.98
2019-02-01,36.38,36.58
2019-02-03,36.55,36.75
2019-02-04,36.36,36.52
2019-02-05,36.3,36.5
2019-02-07,38.15,38.4
2019-02-08,39.67,39.92
2019-02-10,41.15,41.5
2019-02-11,41.86,42.14
2019-02-12,41.23,41.45
2019-02-13,36.89,37.09
2019-02-14,36.78,37.02
2019-02-15,36.63,36.85
2019-02-16,36.74,36.98
2019-02-18,36.84,37.06
2019-02-19,36.8,37.0
2019-02-20,37.04,37.24
2019-02-21,36.96,37.16
2019-02-22,36.82,37.02
2019-02-23,36.9,37.1
2019-02-25,36.9,37.1
2019-02-26,36.87,37.07
2019-02-27,36.88,37.08
2019-02-28,36.82,37.02
2019-03-04,36.33,36.49
2019-03-05,36.11,36.28
2019-03-06,36.6,36.77
2019-03-07,38.25,38.45
2019-03-08,39.7,39.95
2019-03-09,42.27,42.57
2019-03-10,41.55,41.85
2019-03-12,41.2,41.42
2019-03-13,36.53,36.69
2019-03-14,36.59,36.75
2019-03-15,36.48,36.63
2019-03-16,36.48,36.63
2019-03-18,36.49,36.64
2019-03-19,36.52,36.67
2019-03-20,36.51,36.66
2019-03-21,36.67,36.82
2019-03-22,36.57,36.71
2019-03-23,36.59,36.73
2019-03-25,36.65,36.78
2019-03-26,36.74,36.86
2019-03-27,36.68,36.8
2019-03-28,36.64,36.76
2019-03-29,36.4,36.52
2019-03-30,36.42,36.53
2019-04-03,36.49,36.69
2019-04-04,36.33,36.49
2019-04-05,36.18,36.35
2019-04-06,36.8,37.1
2019-04-07,38.7,39.0
2019-04-09,42.65,42.95
2019-04-10,41.75,42.05
2019-04-11,41.84,42.1
2019-04-12,41.3,41.53
2019-04-13,36.34,36.49
2019-04-16,36.31,36.46
2019-04-17,36.24,36.39
2019-04-18,36.18,36.33
2019-04-19,36.24,36.39
2019-04-20,36.23,36.38
2019-04-22,36.23,36.38
2019-04-23,36.18,36.35
2019-04-24,36.13,36.3
2019-04-25,36.16,36.33
2019-04-26,36.21,36.38
2019-04-27,36.3,36.5
2019-05-01,36.59,36.79
2019-05-03,36.42,36.59
2019-05-04,36.35,36.5
2019-05-06,36.84,37.04
2019-05-07,38.85,39.1
2019-05-08,39.77,40.02
2019-05-09,42.6,42.95
2019-05-10,41.75,42.05
2019-05-11,41.76,42.03
2019-05-12,41.37,41.59
2019-05-13,36.23,36.4
2019-05-14,36.33,36.5
2019-05-15,36.37,36.54
2019-05-16,36.34,36.51
2019-05-17,36.24,36.41
2019-05-18,36.3,36.47
2019-05-20,36.26,36.43
2019-05-21,36.22,36.39
2019-05-22,36.13,36.3
2019-05-23,36.14,36.31
2019-05-24,36.23,36.4
2019-05-25,36.28,36.45
2019-05-27,36.28,36.45
2019-05-28,36.28,36.45
2019-05-29,36.18,36.35
2019-05-30,36.15,36.34
2019-05-31,36.3,36.47
2019-06-03,36.46,36.63
2019-06-04,36.33,36.48
2019-06-05,36.2,36.37
2019-06-06,36.8,37.05
2019-06-07,38.55,38.8
2019-06-08,40.5,40.8
2019-06-09,42.1,42.5
2019-06-11,41.53,41.8
2019-06-12,41.37,41.59
2019-06-13,37.08,37.33
2019-06-14,37.2,37.4
2019-06-15,37.3,37.6
2019-06-17,37.35,37.55
2019-06-18,37.37,37.57
2019-06-19,37.5,37.7
2019-06-20,38.0,38.5
2019-06-21,38.35,38.6
2019-06-22,38.6,38.9
2019-06-24,38.7,39.0
2019-06-25,39.0,39.3
2019-06-26,38.85,39.15
2019-06-27,38.85,39.1
2019-06-28,38.5,38.75
2019-06-29,38.65,38.9
2019-07-01,36.57,36.77
2019-07-03,36.45,36.62
2019-07-05,36.16,36.33
2019-07-06,36.98,37.23
2019-07-08,40.8,41.1
2019-07-09,42.1,42.45
2019-07-10,41.75,42.05
2019-07-11,41.61,41.88
2019-07-12,41.33,41.55
2019-07-13,39.0,39.25
2019-07-15,39.0,39.2
2019-07-16,39.05,39.25
2019-07-17,39.0,39.2
2019-07-18,38.95,39.15
2019-07-19,39.6,39.9
2019-07-20,39.4,39.7
2019-07-22,39.38,39.62
2019-07-23,39.35,39.6
2019-07-24,39.4,39.65
2019-07-25,39.4,39.65
2019-07-26,39.42,39.67
2019-07-27,39.42,39.67
2019-07-29,39.47,39.72
2019-07-30,39.48,39.68
2019-07-31,39.6,39.8
2019-08-01,36.61,36.79
2019-08-03,36.45,36.62
2019-08-04,36.37,36.52
2019-08-05,36.19,36.36
2019-08-06,37.05,37.35
2019-08-07,38.55,38.8
2019-08-08,41.7,42.05
2019-08-10,41.5,41.8
2019-08-11,41.3,41.58
2019-08-13,41.35,41.7
2019-08-14,41.85,42.2
2019-08-15,41.6,42.0
2019-08-16,41.75,42.1
2019-08-17,41.45,41.85
2019-08-19,41.45,41.8
2019-08-20,41.3,41.65
2019-08-21,41.5,41.8
2019-08-22,41.4,41.7
2019-08-23,41.45,41.75
2019-08-24,41.95,42.3
2019-08-26,42.05,42.4
2019-08-27,42.4,42.8
2019-08-28,42.45,42.85
2019-08-29,42.4,42.8
2019-08-30,42.3,42.65
2019-08-31,42.3,42.65
2019-09-01,36.56,36.73
2019-09-03,36.51,36.68
2019-09-04,36.39,36.54
2019-09-05,36.18,36.35
2019-09-07,38.6,38.85
2019-09-08,41.95,42.35
2019-09-09,42.1,42.45
2019-09-10,41.7,41.95
2019-09-11,41.26,41.54
2019-09-12,41.24,41.46
2019-09-13,41.55,41.9
2019-09-14,41.6,42.0
2019-09-16,41.55,41.9
2019-09-17,41.5,41.85
2019-09-18,41.6,41.9
2019-09-19,41.55,41.85
2019-09-20,41.65,41.95
2019-09-21,41.65,41.95
2019-09-23,41.9,42.2
2019-09-24,41.98,42.28
2019-09-25,42.25,42.6
2019-09-26,42.0,42.3
2019-09-27,41.9,42.2
2019-09-28,41.7,42.0
2019-09-30,41.65,41.95
2019-10-01,36.58,36.76
2019-10-04,36.41,36.56
2019-10-05,36.18,36.35
2019-10-06,37.05,37.35
2019-10-07,38.65,38.85
2019-10-08,41.55,41.95
2019-10-09,41.75,42.1
2019-10-10,41.82,42.07
2019-10-12,41.2,41.42
2019-10-14,41.5,41.77
2019-10-15,41.5,41.77
2019-10-16,41.45,41.72
2019-10-17,41.47,41.74
2019-10-18,41.48,41.75
2019-10-19,41.47,41.75
2019-10-21,41.48,41.75
2019-10-22,41.4,41.68
2019-10-23,41.48,41.75
2019-10-24,41.52,41.78
2019-10-25,41.6,41.88
2019-10-26,41.67,41.95
2019-10-28,41.68,41.95
2019-10-29,41.62,41.9
2019-10-30,41.6,41.88
2019-10-31,41.65,41.93
2019-11-01,36.55,36.73
2019-11-02,36.95,37.2
2019-11-03,36.5,36.67
2019-11-04,36.45,36.6
2019-11-05,36.26,36.43
2019-11-06,37.07,37.27
2019-11-07,39.0,39.3
2019-11-09,41.35,41.75
2019-11-10,41.63,41.88
2019-11-11,41.26,41.54
2019-11-12,41.2,41.42
2019-11-13,41.1,41.36
2019-11-14,41.16,41.42
2019-11-15,41.22,41.47
2019-11-16,41.23,41.48
2019-11-18,41.25,41.47
2019-11-19,41.32,41.54
2019-11-20,41.3,41.52
2019-11-21,41.4,41.62
2019-11-22,41.37,41.6
2019-11-23,41.39,41.62
2019-11-25,41.24,41.47
2019-11-26,41.1,41.33
2019-11-27,41.22,41.45
2019-11-28,41.14,41.37
2019-11-29,41.1,41.33
2019-11-30,41.24,41.47
2019-12-01,36.54,36.72
2019-12-02,36.94,37.14
2019-12-03,36.48,36.64
2019-12-04,36.34,36.49
2019-12-06,36.93,37.13
2019-12-07,38.8,39.1
2019-12-08,41.45,41.85
2019-12-09,41.4,41.75
2019-12-10,41.6,41.9
2019-12-11,41.3,41.56
2019-12-12,41.28,41.51
2019-12-13,41.23,41.46
2019-12-14,41.3,41.53
2019-12-16,41.3,41.52
2019-12-17,41.37,41.59
2019-12-18,41.4,41.62
2019-12-19,41.4,41.62
2019-12-20,41.4,41.63
2019-12-21,41.4,41.63
2019-12-23,41.43,41.66
2019-12-24,41.54,41.76
2019-12-25,41.77,42.05
2019-12-26,41.83,42.1
2019-12-27,42.0,42.32
2019-12-28,42.05,42.45
2019-12-30,42.05,42.45
2019-12-31,42.2,42.6
2020-01-02,44.35,44.75
2020-01-04,46.6,47.9
2020-01-06,48.65,49.0
2020-01-07,49.15,49.53
2020-01-08,56.63,57.93
2020-01-09,56.55,57.5
2020-01-10,55.15,55.65
2020-01-12,53.1,53.7
2020-01-13,43.2,43.65
2020-01-14,42.65,43.05
2020-01-15,42.95,43.3
2020-01-16,43.0,43.35
2020-01-17,42.95,43.3
2020-01-18,43.1,43.45
2020-01-20,43.3,43.7
2020-01-21,43.55,43.95
2020-01-22,43.25,43.65
2020-01-30,43.3,43.75
2020-01-31,44.15,44.55
2020-02-01,42.3,42.75
2020-02-02,44.45,44.95
2020-02-03,45.75,46.2
2020-02-04,47.05,48.05
2020-02-06,48.68,49.03
2020-02-07,49.2,49.58
2020-02-10,55.65,56.15
2020-02-11,55.95,56.45
2020-02-12,54.1,54.75
2020-02-13,43.9,44.25
2020-02-14,44.0,44.35
2020-02-15,44.06,44.43
2020-02-17,44.05,44.4
2020-02-18,44.25,44.55
2020-02-19,44.63,44.98
2020-02-20,44.68,45.03
2020-02-21,44.9,45.3
2020-02-22,45.45,45.85
2020-02-24,45.6,46.05
2020-02-25,46.5,47.8
2020-02-26,46.0,47.0
2020-02-27,46.15,46.95
2020-02-28,46.0,46.6
2020-02-29,44.6,45.6
2020-03-01,42.48,42.83
2020-03-02,44.35,44.85
2020-03-03,45.75,46.25
2020-03-04,47.15,48.15
2020-03-06,48.52,48.87
2020-03-07,49.35,49.72
2020-03-08,56.8,57.95
2020-03-09,56.05,57.0
2020-03-10,55.95,56.45
2020-03-11,56.25,56.75
2020-03-12,54.55,55.2
2020-03-13,46.9,47.5
2020-03-19,45.8,46.6
2020-03-20,46.0,46.8
2020-03-21,45.75,46.55
2020-03-23,45.8,46.5
2020-03-24,45.8,46.5
2020-03-25,46.5,47.2
2020-03-26,46.6,47.3
2020-03-27,47.05,47.85
2020-03-28,46.95,47.8
2020-03-30,47.1,47.9
2020-03-31,47.1,48.3
2020-04-01,42.8,43.15
2020-04-02,43.8,44.2
2020-04-03,46.8,47.6
2020-04-05,47.8,48.4
2020-04-06,48.38,48.73
2020-04-07,49.5,49.88
2020-04-08,56.75,57.9
2020-04-09,55.85,56.8
2020-04-11,56.2,56.7
2020-04-12,54.75,55.4
2020-04-13,47.45,48.3
2020-04-14,47.55,48.4
2020-04-15,47.7,48.5
2020-04-16,47.55,48.35
2020-04-17,47.5,48.25
2020-04-20,47.4,48.15
2020-04-21,47.4,48.05
2020-04-22,47.5,48.15
2020-04-23,47.65,48.3
2020-04-24,47.75,48.4
2020-04-25,47.9,48.55
2020-04-27,47.85,48.5
2020-04-28,47.75,48.4
2020-04-29,48.0,48.65
2020-05-02,43.25,43.75
2020-05-03,46.45,46.95
2020-05-05,47.85,48.45
2020-05-06,48.5,48.84
2020-05-08,56.83,57.98
2020-05-09,55.75,56.7
2020-05-10,55.95,56.45
2020-05-11,55.95,56.45
2020-05-12,54.6,55.25
2020-05-13,48.0,48.4
2020-05-14,48.17,48.55
2020-05-15,48.3,48.67
2020-05-16,48.32,48.72
2020-05-18,48.58,48.98
2020-05-19,48.5,49.0
2020-05-20,48.6,49.05
2020-05-21,48.6,49.05
2020-05-22,48.45,48.9
2020-05-23,48.45,48.9
2020-05-25,48.45,48.85
2020-05-26,48.52,48.92
2020-05-27,48.4,48.78
2020-05-28,48.32,48.7
2020-05-29,48.4,48.77
2020-05-30,48.52,48.9
2020-06-01,43.65,44.1
2020-06-02,43.4,43.85
2020-06-03,46.85,47.35
2020-06-04,47.0,48.0
2020-06-05,47.9,48.5
2020-06-06,48.48,48.82
2020-06-07,49.54,49.92
2020-06-08,58.25,59.5
2020-06-10,56.0,56.5
2020-06-11,56.15,56.65
2020-06-13,48.42,48.77
2020-06-15,48.46,48.8
2020-06-16,48.32,48.67
2020-06-17,48.25,48.6
2020-06-18,48.28,48.61
2020-06-19,48.34,48.67
2020-06-20,48.48,48.83
2020-06-22,48.58,48.93
2020-06-23,48.7,49.05
2020-06-24,48.87,49.25
2020-06-25,48.85,49.23
2020-06-26,48.83,49.18
2020-06-27,48.87,49.22
2020-06-29,48.98,49.33
2020-06-30,48.97,49.32
2020-07-01,43.68,44.13
2020-07-02,43.6,44.0
2020-07-03,46.6,47.1
2020-07-04,47.4,48.4
2020-07-05,47.8,48.25
2020-07-07,49.9,50.35
2020-07-08,60.6,62.2
2020-07-09,55.85,56.75
2020-07-10,55.55,56.05
2020-07-11,56.3,56.8
2020-07-12,54.55,55.1
2020-07-13,50.25,50.65
2020-07-14,50.17,50.53
2020-07-15,50.25,50.62
2020-07-16,50.28,50.65
2020-07-17,50.28,50.65
2020-07-18,50.35,50.75
2020-07-20,50.35,50.75
2020-07-21,50.65,51.03
2020-07-22,51.5,52.65
2020-07-23,52.38,53.38
2020-07-24,53.72,54.87
2020-07-25,53.5,55.0
2020-07-27,54.5,56.0
2020-07-28,56.5,58.1
2020-07-29,56.4,57.9
2020-07-30,56.7,57.95
2020-07-31,56.6,57.9
2020-08-01,43.65,44.0
2020-08-02,43.7,44.15
2020-08-04,47.0,47.9
2020-08-05,48.0,48.45
2020-08-06,48.33,48.68
2020-08-07,49.93,50.33
2020-08-08,59.8,61.7
2020-08-09,55.7,56.5
2020-08-10,55.6,56.1
2020-08-12,55.05,55.6
2020-08-13,52.9,56.22
2020-08-14,54.95,57.72
2020-08-15,54.53,56.53
2020-08-17,53.95,55.6
2020-08-18,56.7,58.45
2020-08-19,56.25,57.65
2020-08-20,54.15,55.65
2020-08-21,55.35,56.75
2020-08-24,55.15,56.35
2020-08-25,55.05,56.1
2020-08-26,55.0,56.05
2020-08-27,55.25,56.25
2020-08-28,55.25,56.2
2020-08-29,55.8,56.9
2020-08-31,56.0,56.95
2020-09-01,43.45,43.95
2020-09-03,46.8,47.3
2020-09-04,47.2,48.05
2020-09-05,47.9,48.3
2020-09-06,48.4,48.75
2020-09-07,50.0,50.4
2020-09-09,55.6,56.4
2020-09-10,55.75,56.25
2020-09-11,56.4,56.9
2020-09-12,54.95,55.5
2020-09-14,55.85,56.55
2020-09-15,56.05,56.6
2020-09-16,56.05,56.55
2020-09-17,56.15,56.6
2020-09-18,56.1,56.55
2020-09-19,56.0,56.5
2020-09-21,56.07,56.52
2020-09-22,56.1,56.55
2020-09-23,55.7,56.15
2020-09-24,55.1,55.6
2020-09-25,54.7,55.2
2020-09-26,55.05,55.55
2020-09-28,55.08,55.55
2020-09-29,54.65,55.3
2020-09-30,55.25,55.75
2020-10-01,42.9,43.4
2020-10-02,44.25,44.8
2020-10-03,47.05,47.65
2020-10-04,47.6,48.45
2020-10-06,48.43,48.78
2020-10-07,50.12,50.57
2020-10-08,57.96,59.92
2020-10-09,56.05,56.75
2020-10-10,56.0,56.5
2020-10-11,55.6,56.15
2020-10-12,54.5,55.1
2020-10-13,55.85,56.35
2020-10-14,55.6,56.1
2020-10-15,55.7,56.25
2020-10-16,55.85,56.3
2020-10-17,55.82,56.27
2020-10-19,55.75,56.25
2020-10-20,55.85,56.35
2020-10-21,55.95,56.45
2020-10-22,55.95,56.45
2020-10-23,55.88,56.38
2020-10-24,55.85,56.35
2020-10-26,55.8,56.3
2020-10-27,55.95,56.4
2020-10-28,55.95,56.4
2020-10-29,55.65,56.15
2020-10-30,55.7,56.2
2020-10-31,55.95,56.45
2020-11-01,43.2,43.65
2020-11-02,43.9,44.25
2020-11-03,46.85,47.45
2020-11-05,47.85,48.3
2020-11-06,48.52,48.87
2020-11-07,50.2,50.65
2020-11-08,55.68,57.52
2020-11-09,56.0,56.7
2020-11-11,55.85,56.35
2020-11-12,54.75,55.25
2020-11-13,55.9,56.4
2020-11-14,55.9,56.4
2020-11-16,55.95,56.45
2020-11-17,55.85,56.35
2020-11-18,55.7,56.2
2020-11-19,55.75,56.2
2020-11-20,55.7,56.15
2020-11-21,55.75,56.2
2020-11-23,55.75,56.2
2020-11-24,55.2,55.65
2020-11-25,54.8,55.25
2020-11-26,54.25,54.8
2020-11-27,54.5,55.0
2020-11-28,54.15,54.7
2020-11-30,53.88,54.43
2020-12-02,43.85,44.2
2020-12-03,46.65,47.25
2020-12-05,47.75,48.15
2020-12-06,48.42,48.77
2020-12-08,53.58,55.48
2020-12-09,55.85,56.55
2020-12-10,55.95,56.45
2020-12-11,55.8,56.3
2020-12-12,54.75,55.25
2020-12-14,54.7,55.2
2020-12-15,54.65,55.15
2020-12-16,54.85,55.35
2020-12-17,55.0,55.5
2020-12-18,55.05,55.55
2020-12-21,55.2,55.7
2020-12-22,55.15,55.65
2020-12-23,55.0,55.5
2020-12-24,55.25,55.75
2020-12-25,55.3,55.8
2020-12-28,55.4,55.9
2020-12-29,55.2,55.7
2020-12-30,55.45,55.95
2020-12-31,55.55,56.1
2021-01-02,56.3,56.8
2021-01-03,55.95,56.35
2021-01-04,54.3,54.7
2021-01-06,56.6,57.3
2021-01-07,56.3,56.9
2021-01-10,56.6,57.2
2021-01-11,57.75,58.45
2021-01-12,59.75,60.45
2021-01-13,56.1,56.7
2021-01-14,55.9,56.5
2021-01-15,56.0,56.55
2021-01-16,55.8,56.4
2021-01-18,55.75,56.3
2021-01-19,55.9,56.45
2021-01-20,55.85,56.4
2021-01-21,56.25,56.8
2021-01-22,55.95,56.5
2021-01-23,55.85,56.4
2021-01-25,55.95,56.5
2021-01-26,56.05,56.55
2021-01-27,56.05,56.55
2021-01-28,56.05,56.55
2021-01-29,56.15,56.65
2021-01-30,56.2,56.7
2021-02-01,55.6,56.15
2021-02-02,56.55,57.05
2021-02-03,55.6,56.0
2021-02-04,54.7,55.1
2021-02-06,56.85,57.45
2021-02-07,56.35,56.95
2021-02-08,56.5,57.2
2021-02-10,56.55,57.15
2021-02-11,57.65,58.35
2021-02-12,60.6,60.7
2021-02-17,56.45,57.0
2021-02-18,56.35,56.85
2021-02-19,55.7,56.25
2021-02-20,55.75,56.4
2021-02-21,55.65,56.35
2021-02-22,55.55,56.05
2021-02-23,56.05,56.55
2021-02-24,56.05,56.55
2021-02-25,56.05,56.5
2021-02-26,55.9,56.3
2021-02-27,55.95,56.35
2021-03-02,56.3,56.8
2021-03-03,55.75,56.15
2021-03-04,54.9,55.4
2021-03-05,55.32,55.67
2021-03-06,57.05,57.65
2021-03-07,56.6,57.2
2021-03-08,56.6,57.3
2021-03-09,56.65,57.35
2021-03-11,57.8,58.5
2021-03-12,59.95,60.65
2021-03-13,55.35,55.85
2021-03-15,55.45,55.85
2021-03-16,55.35,55.75
2021-03-17,55.22,55.62
2021-03-18,55.4,55.8
2021-03-19,55.0,55.4
2021-03-20,55.1,55.6
2021-03-22,55.15,55.55
2021-03-23,55.15,55.55
2021-03-24,55.1,55.5
2021-03-25,55.1,55.5
2021-03-26,54.95,55.35
2021-03-27,54.9,55.4
2021-03-29,54.85,55.25
2021-03-30,54.65,55.05
2021-03-31,54.25,54.65
2021-04-01,55.8,56.35
2021-04-02,56.3,56.8
2021-04-03,55.5,55.9
2021-04-05,55.47,55.82
2021-04-06,56.35,57.0
2021-04-08,56.65,57.35
2021-04-09,56.75,57.45
2021-04-10,56.65,57.35
2021-04-11,57.8,58.5
2021-04-12,60.2,61.05
2021-04-13,54.78,55.18
2021-04-14,54.97,55.37
2021-04-15,54.85,55.25
2021-04-16,55.1,55.48
2021-04-23,55.45,55.8
2021-04-24,55.15,55.65
2021-04-26,55.2,55.55
2021-04-27,55.15,55.5
2021-04-28,55.22,55.57
2021-04-29,55.45,55.8
2021-05-01,56.35,56.9
2021-05-02,56.1,56.65
2021-05-03,55.45,55.85
2021-05-04,54.92,55.42
2021-05-05,55.3,55.65
2021-05-06,56.6,57.25
2021-05-07,56.65,57.25
2021-05-08,56.55,57.25
2021-05-10,56.75,57.45
2021-05-11,57.95,58.65
2021-05-12,60.4,61.1
2021-05-13,55.67,56.02
2021-05-14,55.77,56.12
2021-05-15,55.92,56.37
2021-05-17,56.1,56.45
2021-05-18,56.15,56.5
2021-05-19,56.05,56.4
2021-05-20,55.9,56.25
2021-05-21,56.02,56.37
2021-05-22,56.08,56.48
2021-05-24,56.15,56.5
2021-05-25,56.02,56.37
2021-05-26,56.25,56.65
2021-05-27,56.0,56.4
2021-05-28,56.14,56.54
2021-05-29,56.34,56.82
2021-05-31,56.65,57.15
2021-06-01,56.7,57.25
2021-06-02,56.35,56.9
2021-06-03,55.1,55.6
2021-06-04,54.8,55.2
2021-06-05,55.38,55.73
2021-06-07,56.75,57.35
2021-06-08,56.55,57.25
2021-06-10,56.7,57.4
2021-06-11,58.1,58.8
2021-06-12,60.55,61.25
2021-06-14,56.6,57.2
2021-06-15,56.55,57.15
2021-06-16,56.5,57.1
2021-06-17,56.4,57.0
2021-06-18,56.15,56.75
2021-06-19,56.15,56.75
2021-06-21,56.2,56.8
2021-06-22,56.5,57.1
2021-06-23,56.55,57.1
2021-06-24,56.5,57.05
2021-06-25,56.45,57.0
2021-06-26,56.5,57.1
2021-06-28,56.55,57.05
2021-06-29,56.45,56.95
2021-06-30,56.25,56.85
2021-07-01,56.4,56.95
2021-07-04,54.95,55.35
2021-07-05,55.55,55.9
2021-07-06,56.75,57.35
2021-07-07,56.8,57.4
2021-07-08,56.3,57.0
2021-07-10,56.8,57.5
2021-07-12,60.75,61.45
2021-07-13,56.6,57.35
2021-07-14,56.65,57.4
2021-07-15,56.85,57.6
2021-07-16,56.75,57.5
2021-07-17,56.75,57.5
2021-07-19,56.9,57.55
2021-07-20,56.9,57.55
2021-07-21,56.8,57.45
2021-07-22,56.8,57.45
2021-07-23,56.85,57.5
2021-07-24,56.85,57.5
2021-07-26,56.8,57.45
2021-07-27,56.6,57.3
2021-07-28,56.5,57.2
2021-07-29,56.65,57.35
2021-07-30,56.7,57.4
2021-07-31,56.55,57.2
2021-08-01,56.2,56.7
2021-08-02,56.35,56.9
2021-08-03,55.25,55.65
2021-08-04,54.73,55.13
2021-08-05,55.65,56.1
2021-08-06,56.9,57.5
2021-08-07,56.85,57.45
2021-08-09,56.5,57.2
2021-08-10,57.1,57.8
2021-08-11,58.2,58.9
2021-08-12,60.7,61.4
2021-08-13,56.4,57.1
2021-08-14,56.55,57.25
2021-08-17,56.65,57.35
2021-08-19,56.55,57.25
2021-08-20,56.45,57.15
2021-08-23,56.4,57.1
2021-08-24,56.5,57.2
2021-08-25,56.45,57.15
2021-08-26,56.35,57.05
2021-08-27,56.4,57.1
2021-08-28,56.45,57.15
2021-08-30,56.6,57.3
2021-08-31,56.7,57.4
2021-09-01,55.3,56.0
2021-09-02,56.75,57.3
2021-09-03,54.87,55.3
2021-09-04,55.03,55.43
2021-09-06,56.65,57.25
2021-09-07,56.9,57.6
2021-09-08,56.3,57.0
2021-09-09,56.55,57.25
2021-09-10,57.1,57.8
2021-09-11,58.4,59.1
2021-09-12,60.25,60.95
2021-09-14,56.55,57.25
2021-09-15,56.65,57.35
2021-09-16,56.5,57.2
2021-09-17,55.9,56.6
2021-09-20,56.15,56.8
2021-09-21,56.45,57.1
2021-09-22,56.5,57.15
2021-09-23,56.7,57.35
2021-09-24,56.4,57.05
2021-09-25,56.35,57.0
2021-09-27,56.35,57.0
2021-09-28,56.45,57.1
2021-09-29,56.35,56.95
2021-09-30,56.25,56.85
2021-10-03,55.0,55.4
2021-10-04,54.8,55.25
2021-10-05,55.83,56.23
2021-10-06,56.55,57.15
2021-10-07,56.75,57.5
2021-10-08,56.25,56.95
2021-10-09,56.6,57.3
2021-10-11,58.7,59.4
2021-10-12,60.5,61.2
2021-10-13,57.4,58.1
2021-10-14,57.55,58.25
2021-10-15,57.3,58.0
2021-10-16,57.1,57.8
2021-10-18,57.05,57.75
2021-10-19,57.15,57.85
2021-10-20,57.25,57.95
2021-10-21,57.55,58.25
2021-10-22,57.4,58.1
2021-10-23,57.55,58.25
2021-10-25,57.55,58.25
2021-10-26,57.7,58.4
2021-10-27,57.85,58.55
2021-10-28,58.0,58.7
2021-10-29,57.75,58.45
2021-10-30,57.75,58.45
2021-11-01,54.7,55.35
2021-11-03,55.1,55.5
2021-11-05,55.95,56.3
2021-11-06,56.95,57.55
2021-11-08,56.2,56.9
2021-11-09,56.6,57.3
2021-11-10,57.25,57.95
2021-11-11,58.95,59.65
2021-11-12,60.65,61.45
2021-11-13,60.05,60.75
2021-11-15,59.95,60.65
2021-11-16,60.25,60.95
2021-11-17,60.8,61.55
2021-11-18,61.3,62.05
2021-11-19,61.05,61.8
2021-11-20,59.4,60.5
2021-11-22,59.5,60.2
2021-11-23,58.6,59.45
2021-11-24,59.15,59.95
2021-11-25,59.45,60.15
2021-11-26,59.55,60.25
2021-11-27,60.0,60.85
2021-11-29,60.2,60.9
2021-11-30,59.75,60.45
2021-12-01,55.75,56.35
2021-12-03,55.35,55.75
2021-12-04,54.75,55.15
2021-12-05,55.8,56.15
2021-12-06,56.7,57.3
2021-12-07,56.75,57.5
2021-12-08,56.4,57.1
2021-12-10,57.3,58.0
2021-12-11,59.5,60.2
2021-12-13,60.8,61.5
2021-12-14,60.9,61.6
2021-12-15,60.8,61.5
2021-12-16,60.85,61.55
2021-12-17,60.9,61.6
2021-12-18,61.0,61.7
2021-12-20,60.95,61.65
2021-12-21,60.9,61.6
2021-12-22,60.85,61.55
2021-12-23,61.05,61.75
2021-12-24,60.85,61.55
2021-12-25,60.9,61.6
2021-12-27,60.85,61.55
2021-12-28,60.85,61.55
2021-12-29,60.8,61.5
2021-12-30,60.6,61.3
2021-12-31,60.75,61.45
2022-01-03,65.25,66.0
2022-01-04,68.3,69.0
2022-01-06,68.2,69.2
2022-01-08,66.3,67.3
2022-01-09,65.85,66.65
2022-01-10,65.2,66.2
2022-01-11,66.0,67.0
2022-01-12,66.65,67.45
2022-01-13,61.0,61.65
2022-01-14,61.05,61.7
2022-01-15,60.95,61.65
2022-01-17,61.05,61.65
2022-01-18,61.1,61.7
2022-01-19,61.1,61.7
2022-01-20,61.3,61.9
2022-01-21,61.1,61.7
2022-01-22,61.15,61.85
2022-01-24,61.25,61.9
2022-01-25,61.75,62.4
2022-01-26,61.9,62.55
2022-01-27,61.7,62.3
2022-01-28,61.9,62.6
2022-02-03,66.0,66.8
2022-02-04,68.3,69.05
2022-02-06,68.55,69.45
2022-02-08,67.4,68.4
2022-02-11,66.15,67.15
2022-02-12,66.6,67.4
2022-02-14,62.05,62.75
2022-02-15,62.5,63.2
2022-02-16,62.15,62.85
2022-02-17,62.5,63.1
2022-02-18,62.8,63.5
2022-02-19,62.5,63.2
2022-02-21,62.6,63.2
2022-02-22,62.95,63.55
2022-02-23,63.15,63.75
2022-02-24,63.55,64.25
2022-02-25,65.5,66.4
2022-02-26,64.0,65.4
2022-02-28,65.1,66.0
2022-03-01,61.05,61.8
2022-03-03,66.55,67.3
2022-03-05,69.2,69.95
2022-03-06,68.8,69.7
2022-03-08,67.2,68.2
2022-03-09,65.7,66.7
2022-03-10,65.5,66.5
2022-03-11,66.1,67.1
2022-03-12,66.15,66.95
2022-03-14,68.0,69.8
2022-03-15,67.2,68.4
2022-03-16,67.3,68.6
2022-03-17,67.2,68.4
2022-03-18,67.8,68.8
2022-03-19,67.7,68.9
2022-03-21,67.9,68.9
2022-03-22,67.95,68.85
2022-03-23,67.8,68.5
2022-03-24,68.1,68.8
2022-03-25,68.4,69.1
2022-03-26,68.6,69.35
2022-03-28,68.9,69.6
2022-03-29,68.65,69.35
2022-03-30,68.5,69.2
2022-03-31,68.15,68.85
2022-04-01,60.8,61.5
2022-04-03,66.8,67.55
2022-04-04,68.25,68.95
2022-04-05,69.25,69.95
2022-04-06,68.75,69.65
2022-04-08,66.0,67.0
2022-04-10,65.2,66.2
2022-04-11,66.2,67.2
2022-04-13,69.05,69.65
2022-04-14,69.25,69.85
2022-04-15,69.0,69.6
2022-04-16,69.15,69.8
2022-04-18,69.35,69.95
2022-04-19,69.75,70.55
2022-04-20,69.55,70.25
2022-04-21,69.55,70.25
2022-04-22,69.85,70.55
2022-04-23,69.6,70.4
2022-04-25,69.5,70.2
2022-04-26,69.4,70.1
2022-04-27,69.4,70.1
2022-04-28,69.3,70.0
2022-04-29,69.55,70.15
2022-05-01,60.9,61.6
2022-05-03,67.25,68.4
2022-05-04,68.3,68.95
2022-05-05,69.65,70.35
2022-05-08,66.9,67.9
2022-05-09,65.85,66.65
2022-05-10,65.45,66.45
2022-05-11,66.7,67.7
2022-05-12,66.15,66.95
2022-05-13,69.55,70.15
2022-05-14,68.7,69.7
2022-05-16,68.5,69.5
2022-05-17,68.25,69.25
2022-05-18,68.25,69.25
2022-05-19,68.25,69.25
2022-05-20,68.55,69.45
2022-05-21,68.9,69.8
2022-05-23,68.95,69.85
2022-05-24,69.0,69.9
2022-05-25,69.0,69.9
2022-05-26,68.0,69.0
2022-05-27,68.4,69.4
2022-05-28,68.5,69.5
2022-05-30,68.3,69.3
2022-05-31,68.2,69.2
2022-06-01,60.95,61.65
2022-06-03,68.1,68.9
2022-06-04,68.1,68.75
2022-06-05,69.5,70.2
2022-06-06,68.65,69.55
2022-06-08,66.3,67.3
2022-06-09,66.0,66.8
2022-06-10,65.3,66.3
2022-06-12,66.25,67.05
2022-06-13,68.45,69.35
2022-06-14,67.55,68.35
2022-06-15,67.5,68.3
2022-06-16,67.75,68.55
2022-06-17,67.95,68.75
2022-06-18,67.85,68.65
2022-06-20,67.9,68.7
2022-06-21,67.95,68.75
2022-06-22,67.85,68.65
2022-06-23,67.85,68.65
2022-06-24,67.8,68.6
2022-06-25,67.85,68.65
2022-07-01,60.72,61.42
2022-07-02,62.45,63.15
2022-07-03,68.9,70.1
2022-07-04,68.1,68.75
2022-07-06,68.55,69.45
2022-07-07,67.65,68.25
2022-07-09,65.9,66.7
2022-07-10,64.7,65.7
2022-07-11,66.5,67.5
2022-07-12,66.35,67.15
2022-07-13,67.6,68.2
2022-07-14,67.65,68.25
2022-07-15,67.55,68.15
2022-07-16,67.35,67.95
2022-07-18,67.15,67.75
2022-07-19,62.0,64.45
2022-07-20,63.3,65.3
2022-07-21,63.3,65.3
2022-07-22,64.3,66.3
2022-07-23,64.9,66.4
2022-07-25,64.7,66.2
2022-07-26,65.3,66.3
2022-07-27,65.1,66.1
2022-07-28,65.3,66.3
2022-07-29,65.2,66.2
2022-07-30,65.8,66.8
2022-08-01,60.95,61.7
2022-08-02,62.8,63.45
2022-08-03,71.8,73.4
2022-08-04,68.25,68.9
2022-08-06,68.85,69.75
2022-08-07,67.9,68.5
2022-08-08,66.3,67.3
2022-08-09,66.2,67.0
2022-08-10,64.8,65.8
2022-08-11,66.2,67.2
2022-08-12,66.25,67.05
2022-08-13,66.5,67.5
2022-08-15,66.4,67.4
2022-08-16,65.9,66.9
2022-08-17,66.0,67.0
2022-08-18,66.1,67.1
2022-08-19,66.1,67.1
2022-08-20,66.2,67.2
2022-08-22,66.1,67.1
2022-08-23,66.0,67.0
2022-08-24,66.1,67.1
2022-08-25,66.3,67.1
2022-08-26,66.0,66.8
2022-08-27,66.1,66.9
2022-08-29,65.9,66.7
2022-08-30,65.9,66.7
2022-08-31,65.8,66.6
2022-09-02,61.85,62.6
2022-09-03,70.2,72.0
2022-09-04,68.6,69.4
2022-09-05,69.7,70.4
2022-09-06,68.8,69.7
2022-09-07,67.95,68.55
2022-09-08,66.4,67.4
2022-09-09,66.1,66.9
2022-09-11,66.5,67.5
2022-09-12,66.6,67.4
2022-09-13,66.2,67.0
2022-09-14,66.05,66.85
2022-09-15,66.05,66.85
2022-09-16,65.7,66.5
2022-09-17,65.85,66.65
2022-09-19,65.8,66.6
2022-09-20,65.8,66.6
2022-09-21,65.85,66.65
2022-09-22,65.85,66.65
2022-09-23,65.85,66.65
2022-09-24,65.75,66.55
2022-09-26,65.65,66.45
2022-09-27,65.55,66.35
2022-09-28,64.2,65.2
2022-09-29,64.7,65.7
2022-09-30,64.75,65.75
2022-10-01,60.95,61.65
2022-10-02,61.35,62.15
2022-10-03,66.3,68.1
2022-10-05,69.55,70.3
2022-10-06,68.7,69.6
2022-10-08,66.1,67.1
2022-10-09,66.15,66.95
2022-10-10,65.6,66.6
2022-10-11,66.5,67.5
2022-10-12,66.3,67.1
2022-10-13,65.9,66.9
2022-10-14,66.0,67.0
2022-10-15,66.2,67.2
2022-10-17,66.0,67.0
2022-10-18,65.9,66.9
2022-10-19,66.2,67.2
2022-10-20,66.0,67.0
2022-10-21,66.3,67.3
2022-10-22,66.3,67.3
2022-10-24,66.5,67.5
2022-10-25,66.3,67.3
2022-10-26,66.3,67.3
2022-10-27,66.3,67.3
2022-10-28,66.2,67.2
2022-10-29,66.0,67.0
2022-10-31,66.1,67.1
2022-11-01,61.02,61.67
2022-11-02,61.05,61.75
2022-11-03,67.9,69.7
2022-11-05,69.25,69.95
2022-11-06,68.75,69.65
2022-11-07,67.9,68.5
2022-11-08,65.9,66.9
2022-11-10,66.1,67.1
2022-11-11,66.6,67.6
2022-11-14,66.5,67.5
2022-11-15,66.5,67.5
2022-11-16,66.7,67.7
2022-11-17,66.7,67.7
2022-11-18,66.7,67.7
2022-11-19,66.5,67.5
2022-11-21,66.6,67.6
2022-11-22,66.45,67.45
2022-11-23,66.4,67.4
2022-11-24,66.6,67.6
2022-11-25,66.6,67.6
2022-11-26,66.7,67.7
2022-11-28,66.6,67.4
2022-11-29,66.65,67.45
2022-11-30,66.4,67.2
2022-12-01,61.05,61.7
2022-12-02,62.0,62.8
2022-12-03,68.4,70.2
2022-12-04,68.9,69.55
2022-12-05,69.65,70.25
2022-12-07,67.6,68.2
2022-12-08,66.2,67.2
2022-12-09,66.1,66.9
2022-12-10,66.0,67.0
2022-12-11,66.6,67.6
2022-12-12,66.45,67.25
2022-12-13,66.35,67.15
2022-12-14,66.55,67.35
2022-12-15,66.1,66.9
2022-12-16,66.0,66.8
2022-12-17,66.1,66.9
2022-12-19,66.2,67.0
2022-12-20,66.2,67.0
2022-12-21,66.4,67.2
2022-12-22,66.15,66.95
2022-12-23,66.1,66.9
2022-12-24,66.1,66.9
2022-12-26,66.2,67.0
2022-12-27,66.1,66.9
2022-12-28,65.9,66.7
2022-12-29,65.9,66.7
2022-12-30,65.9,66.7
2022-12-31,65.9,66.7
2023-01-02,66.5,67.3
2023-01-04,66.45,67.05
2023-01-06,66.5,67.1
2023-01-07,66.35,66.95
2023-01-08,66.7,67.3
2023-01-09,67.55,68.25
2023-01-11,69.9,70.6
2023-01-12,72.4,73.6
2023-01-13,66.2,67.0
2023-01-14,66.4,67.4
2023-01-16,66.4,67.4
2023-01-17,66.35,67.15
2023-01-18,66.7,67.5
2023-01-19,66.7,67.7
2023-01-27,67.2,68.2
2023-01-28,67.6,68.6
2023-01-29,67.3,68.3
2023-01-30,67.2,68.2
2023-01-31,66.3,67.7
2023-02-02,66.6,67.4
2023-02-03,66.15,66.85
2023-02-06,66.4,67.0
2023-02-08,66.7,67.3
2023-02-10,68.25,68.95
2023-02-11,70.1,70.8
2023-02-12,72.3,73.5
2023-02-13,66.6,67.4
2023-02-14,66.4,67.2
2023-02-15,66.5,67.3
2023-02-16,66.4,67.2
2023-02-17,66.35,67.15
2023-02-18,66.35,67.15
2023-02-20,66.3,67.1
2023-02-21,66.3,67.1
2023-02-22,66.3,67.1
2023-02-23,66.3,67.1
2023-02-24,66.25,66.95
2023-02-25,66.1,66.9
2023-02-27,66.1,66.8
2023-02-28,66.15,66.85
2023-03-01,66.2,67.0
2023-03-02,66.7,67.5
2023-03-03,66.15,66.85
2023-03-04,66.3,66.9
2023-03-05,66.6,67.2
2023-03-06,66.45,67.05
2023-03-07,66.4,67.0
2023-03-08,66.6,67.2
2023-03-10,68.2,68.9
2023-03-11,69.9,70.6
2023-03-13,66.0,66.8
2023-03-14,66.35,67.05
2023-03-15,66.15,66.85
2023-03-16,65.95,66.65
2023-03-17,66.45,67.15
2023-03-18,66.85,67.75
2023-03-20,66.6,67.5
2023-03-21,66.75,67.45
2023-03-22,66.6,67.3
2023-03-23,66.45,67.15
2023-03-24,66.65,67.35
2023-03-25,66.65,67.35
2023-03-27,66.6,67.3
2023-03-28,66.65,67.35
2023-03-29,66.5,67.2
2023-03-30,66.45,67.15
2023-03-31,66.3,66.9
2023-04-01,66.3,67.1
2023-04-02,66.2,67.2
2023-04-03,66.2,66.9
2023-04-04,66.6,67.2
2023-04-05,66.7,67.3
2023-04-07,66.45,67.05
2023-04-08,66.65,67.25
2023-04-10,68.25,68.95
2023-04-11,69.6,70.4
2023-04-12,72.7,74.0
2023-04-13,66.4,67.0
2023-04-14,66.7,67.3
2023-04-15,66.3,67.0
2023-04-17,66.35,66.95
2023-04-18,66.5,67.1
2023-04-19,66.45,67.05
2023-04-20,66.35,66.95
2023-04-21,66.45,67.05
2023-04-22,66.35,66.95
2023-04-24,66.45,67.05
2023-04-25,66.45,67.05
2023-04-26,66.45,67.05
2023-04-27,66.55,67.15
2023-04-28,66.5,67.1
2023-05-01,66.45,67.25
2023-05-04,66.45,67.05
2023-05-05,66.65,67.25
2023-05-06,66.4,67.0
2023-05-07,66.5,67.1
2023-05-08,66.6,67.2
2023-05-09,67.55,68.15
2023-05-10,68.2,68.9
2023-05-12,73.0,74.2
2023-05-13,66.55,67.25
2023-05-15,66.55,67.25
2023-05-16,66.65,67.25
2023-05-17,66.5,67.1
2023-05-18,66.5,67.1
2023-05-19,66.55,67.15
2023-05-20,66.65,67.25
2023-05-22,66.75,67.35
2023-05-23,66.55,67.15
2023-05-24,66.5,67.1
2023-05-25,66.5,67.1
2023-05-26,66.5,67.1
2023-05-27,66.35,67.05
2023-05-29,66.4,67.0
2023-05-30,66.35,66.95
2023-05-31,66.55,67.15
2023-06-01,66.1,66.9
2023-06-02,66.5,67.3
2023-06-03,66.2,66.9
2023-06-04,66.5,67.1
2023-06-05,66.5,67.1
2023-06-06,66.55,67.15
2023-06-07,66.35,66.95
2023-06-09,67.75,68.35
2023-06-10,68.3,69.0
2023-06-11,69.05,70.05
2023-06-12,73.2,74.4
2023-06-13,66.5,67.1
2023-06-14,66.4,67.0
2023-06-15,66.55,67.15
2023-06-16,66.6,67.2
2023-06-17,66.55,67.15
2023-06-19,66.5,67.1
2023-06-20,66.45,67.05
2023-06-21,66.5,67.1
2023-06-22,66.45,67.05
2023-06-23,66.4,67.0
2023-06-24,66.5,67.1
2023-06-26,66.5,67.1
2023-06-27,66.35,66.95
2023-06-28,66.35,66.95
2023-06-29,66.4,67.0
2023-06-30,66.4,67.0
2023-07-01,66.45,67.25
2023-07-02,66.4,67.2
2023-07-03,66.05,66.75
2023-07-04,66.45,67.05
2023-07-06,66.4,67.0
2023-07-07,66.45,67.05
2023-07-08,66.7,67.3
2023-07-09,67.75,68.35
2023-07-10,68.45,69.15
2023-07-11,68.5,69.8
2023-07-12,73.1,74.3
2023-07-13,66.65,67.25
2023-07-14,66.75,67.35
2023-07-15,66.5,67.2
2023-07-17,66.6,67.2
2023-07-19,66.65,67.25
2023-07-20,66.6,67.2
2023-07-21,66.55,67.15
2023-07-22,66.4,67.1
2023-07-24,66.45,67.05
2023-07-25,66.55,67.15
2023-07-26,66.5,67.1
2023-07-27,66.6,67.2
2023-07-28,66.6,67.2
2023-07-29,66.55,67.25
2023-07-31,66.6,67.2
2023-08-02,66.55,67.35
2023-08-03,66.0,66.7
2023-08-04,66.4,67.1
2023-08-05,66.35,67.05
2023-08-06,66.35,66.95
2023-08-07,66.45,67.15
2023-08-08,66.75,67.35
2023-08-09,68.2,68.9
2023-08-11,68.9,69.9
2023-08-12,73.0,74.0
2023-08-14,66.8,67.4
2023-08-15,66.9,67.5
2023-08-16,66.95,67.55
2023-08-17,66.9,67.5
2023-08-18,67.05,67.65
2023-08-19,67.0,67.7
2023-08-21,67.05,67.65
2023-08-22,66.95,67.55
2023-08-23,67.1,67.7
2023-08-24,67.3,67.9
2023-08-25,67.25,67.85
2023-08-26,67.35,68.05
2023-08-28,67.45,68.05
2023-08-29,67.5,68.1
2023-08-30,67.7,68.3
2023-08-31,67.55,68.15
2023-09-01,66.45,67.25
2023-09-02,66.55,67.35
2023-09-03,65.85,66.55
2023-09-05,66.5,67.1
2023-09-06,66.4,67.0
2023-09-08,66.7,67.3
2023-09-09,68.05,68.75
2023-09-10,68.8,69.5
2023-09-11,69.1,70.1
2023-09-12,73.1,74.1
2023-09-13,68.05,68.75
2023-09-14,67.9,68.6
2023-09-15,67.85,68.55
2023-09-16,68.0,68.7
2023-09-18,68.3,69.0
2023-09-19,68.5,69.2
2023-09-20,68.5,69.2
2023-09-21,68.5,69.2
2023-09-22,68.45,69.15
2023-09-23,68.45,69.15
2023-09-25,68.4,69.1
2023-09-26,68.15,68.85
2023-09-27,68.1,68.8
2023-09-28,68.1,68.8
2023-09-29,68.15,68.85
2023-10-01,66.0,66.8
2023-10-02,66.55,67.35
2023-10-03,65.85,66.55
2023-10-04,66.4,67.0
2023-10-05,66.65,67.25
2023-10-06,66.5,67.1
2023-10-07,66.45,67.05
2023-10-08,66.65,67.25
2023-10-10,68.95,69.65
2023-10-11,69.3,70.3
2023-10-13,69.45,70.15
2023-10-14,69.7,71.0
2023-10-16,69.85,70.55
2023-10-17,69.55,70.25
2023-10-18,69.45,70.15
2023-10-19,69.65,70.35
2023-10-20,70.15,70.85
2023-10-23,70.05,70.75
2023-10-24,69.85,70.55
2023-10-31,69.95,70.65
2023-11-01,66.1,66.9
2023-11-02,66.55,67.35
2023-11-03,65.85,66.55
2023-11-04,66.4,67.0
2023-11-05,66.5,67.1
2023-11-07,66.5,67.1
2023-11-08,66.7,67.3
2023-11-09,68.15,68.85
2023-11-10,69.05,69.75
2023-11-12,73.0,74.0
2023-11-13,69.3,70.3
2023-11-14,69.7,70.5
2023-11-15,69.55,70.35
2023-11-16,69.6,70.4
2023-11-17,69.8,70.6
2023-11-18,70.0,70.8
2023-11-20,70.05,70.75
2023-11-21,70.25,70.95
2023-11-22,70.6,71.3
2023-11-23,70.7,71.5
2023-11-24,70.65,71.45
2023-11-25,71.1,72.1
2023-11-27,71.3,72.3
2023-11-28,71.9,72.7
2023-11-29,72.5,73.5
2023-11-30,72.5,73.7
2023-12-01,66.15,66.95
2023-12-04,66.4,67.0
2023-12-05,66.65,67.25
2023-12-06,66.5,67.1
2023-12-07,66.6,67.2
2023-12-08,66.8,67.5
2023-12-09,68.2,68.9
2023-12-10,69.3,70.0
2023-12-12,72.6,73.6
2023-12-13,72.6,73.6
2023-12-14,72.8,73.8
2023-12-15,73.3,74.3
2023-12-16,73.5,74.5
2023-12-18,73.35,74.35
2023-12-19,73.5,74.5
2023-12-20,73.9,74.9
2023-12-21,74.4,75.4
2023-12-22,74.8,75.8
2023-12-23,75.8,76.8
2023-12-25,75.9,76.9
2023-12-26,77.4,78.4
2023-12-27,77.4,79.2
2023-12-28,77.8,79.5
2023-12-29,74.5,77.5
2023-12-30,73.0,76.0
2024-01-02,75.7,78.0
2024-01-03,77.6,79.6
2024-01-04,78.5,81.0
2024-01-06,81.0,83.0
2024-01-07,74.98,76.98
2024-01-08,77.8,79.8
2024-01-10,82.0,84.0
2024-01-12,83.3,85.8
2024-01-13,73.5,76.0
2024-01-15,74.0,77.0
2024-01-16,74.0,76.5
2024-01-17,73.5,76.0
2024-01-18,73.5,76.0
2024-01-19,74.2,76.7
2024-01-20,74.3,76.8
2024-01-22,73.8,76.3
2024-01-23,73.5,76.0
2024-01-24,74.2,76.7
2024-01-25,74.2,76.7
2024-01-26,74.0,76.5
2024-01-27,74.2,76.7
2024-01-29,74.2,76.7
2024-01-30,74.3,76.8
2024-01-31,74.9,77.4
2024-02-01,70.5,73.5
2024-02-02,76.2,78.5
2024-02-03,77.8,79.8
2024-02-04,79.1,81.1
2024-02-05,82.5,84.7
2024-02-07,74.98,76.98
2024-02-08,78.3,79.8
2024-02-10,82.0,84.0
2024-02-12,82.8,85.3
2024-02-15,75.4,77.7
2024-02-16,76.8,79.0
2024-02-17,76.2,78.4
2024-02-18,76.0,78.6
2024-02-19,75.4,78.4
2024-02-20,75.4,77.7
2024-02-21,76.2,78.4
2024-02-22,75.7,77.9
2024-02-23,76.8,79.0
2024-02-24,76.3,78.5
2024-02-26,76.7,78.9
2024-02-27,77.2,79.2
2024-02-28,76.7,78.7
2024-02-29,77.4,79.4
2024-03-01,72.0,75.0
2024-03-02,75.8,78.3
2024-03-04,79.3,81.3
2024-03-05,82.9,85.2
2024-03-06,77.98,79.98
2024-03-07,74.98,76.98
2024-03-08,78.3,79.8
2024-03-10,82.0,84.0
2024-03-13,80.5,82.5
2024-03-14,79.0,81.0
2024-03-15,79.4,81.4
2024-03-16,79.0,81.5
2024-03-18,79.2,81.7
2024-03-19,79.9,81.9
2024-03-20,79.7,81.7
2024-03-21,80.0,82.0
2024-03-22,78.8,80.8
2024-03-23,77.7,80.0
2024-03-25,78.0,80.3
2024-03-26,78.0,80.0
2024-03-27,78.5,80.5
2024-03-28,78.9,80.9
2024-03-29,79.5,81.5
2024-03-30,78.7,81.0
2024-04-01,72.0,75.0
2024-04-03,78.2,80.2
2024-04-04,79.7,81.7
2024-04-05,83.5,85.9
2024-04-06,77.48,78.98
2024-04-07,74.98,76.98
2024-04-09,79.0,81.0
2024-04-10,82.0,84.0
2024-04-13,82.5,84.5
2024-04-15,80.6,83.1
2024-04-16,82.1,84.1
2024-04-17,81.7,83.7
2024-04-18,82.1,84.1
2024-04-19,81.8,83.8
2024-04-20,82.0,84.0
2024-04-22,82.0,84.0
2024-04-23,80.3,82.8
2024-04-24,81.0,83.3
2024-04-25,81.5,83.8
2024-04-26,82.4,84.6
2024-05-01,72.0,75.0
2024-05-02,75.7,77.9
2024-05-03,78.9,80.9
2024-05-04,78.9,80.9
2024-05-06,76.78,77.98
2024-05-07,74.98,76.98
2024-05-08,78.3,79.8
2024-05-09,78.5,80.5
2024-05-13,85.5,88.5
2024-05-14,86.0,89.0
2024-05-15,87.3,89.8
2024-05-16,87.9,90.4
2024-05-17,87.4,89.9
2024-05-18,87.7,90.4
2024-05-20,89.0,91.0
2024-05-21,88.7,90.7
2024-05-22,88.9,90.9
2024-05-23,87.8,89.8
2024-05-24,87.5,89.5
2024-05-25,87.5,89.5
2024-05-27,87.9,89.9
2024-05-28,88.5,90.5
2024-05-29,88.3,90.3
2024-05-30,86.3,88.8
2024-05-31,83.0,87.0
2024-06-01,72.0,75.0
2024-06-02,76.3,78.5
2024-06-03,78.8,80.8
2024-06-04,79.5,81.5
2024-06-05,83.8,86.0
2024-06-06,74.98,76.98
2024-06-07,74.98,76.98
2024-06-08,77.0,79.0
2024-06-09,78.5,80.5
2024-06-13,74.98,76.98
2024-06-14,74.98,76.98
2024-06-15,74.98,76.98
2024-06-17,74.98,76.98
2024-06-18,74.98,76.98
2024-06-19,74.98,76.98
2024-06-20,74.98,76.98
2024-06-21,74.98,76.98
2024-06-22,74.98,76.98
2024-06-24,74.98,76.98
2024-06-25,74.98,76.98
2024-06-26,74.98,76.98
2024-06-27,74.98,76.98
2024-06-28,74.98,76.98
2024-07-02,76.3,78.5
2024-07-03,79.0,81.0
2024-07-05,84.6,86.8
2024-07-06,74.98,76.98
2024-07-08,77.0,79.0
2024-07-10,82.0,84.0
2024-07-15,75.48,76.98
2024-07-16,75.48,76.98
2024-07-17,75.98,76.98
2024-07-18,78.5,80.0
2024-07-19,78.5,80.0
2024-07-20,78.0,80.0
2024-07-22,78.0,80.0
2024-07-23,77.5,79.5
2024-07-24,77.5,79.5
2024-07-25,77.5,79.5
2024-07-26,77.5,79.5
2024-07-27,77.5,79.5
2024-07-29,77.5,79.5
2024-07-30,77.0,79.0
2024-07-31,77.0,79.0
2024-08-01,72.0,75.0
2024-08-03,79.8,81.8
2024-08-04,79.7,81.7
2024-08-05,85.1,87.3
2024-08-06,74.98,76.98
2024-08-07,74.98,76.98
2024-08-08,76.5,78.5
2024-08-10,83.0,85.0
2024-08-13,78.0,80.0
2024-08-14,78.0,80.0
2024-08-15,78.0,80.0
2024-08-16,78.0,80.0
2024-08-17,78.0,80.0
2024-08-19,78.0,80.0
2024-08-20,79.0,81.0
2024-08-21,79.0,81.0
2024-08-22,79.0,81.0
2024-08-23,79.0,81.0
2024-08-24,79.0,81.0
2024-08-26,79.0,81.0
2024-08-27,79.0,81.0
2024-08-28,79.0,81.0
2024-08-29,79.0,81.0
2024-08-30,79.0,81.0
2024-08-31,79.0,81.0
2024-09-01,71.4,74.5
2024-09-03,79.7,82.2
2024-09-04,80.6,82.6
2024-09-05,85.7,88.0
2024-09-07,74.98,76.98
2024-09-08,76.5,78.5
2024-09-09,78.5,80.5
2024-09-10,83.0,85.0
2024-09-13,78.5,80.5
2024-09-16,78.5,80.5
2024-09-17,80.0,82.0
2024-09-18,80.0,82.0
2024-09-19,79.8,81.8
2024-09-20,80.0,82.0
2024-09-21,80.0,82.0
2024-09-23,80.0,82.0
2024-09-24,81.5,83.5
2024-09-25,81.5,83.5
2024-09-26,81.5,83.5
2024-09-27,81.5,83.5
2024-09-30,81.5,83.5
2024-10-01,71.5,74.5
2024-10-04,82.8,84.8
2024-10-05,87.2,89.5
2024-10-06,74.98,76.98
2024-10-07,74.98,76.98
2024-10-08,76.5,78.5
2024-10-09,78.5,80.5
2024-10-10,82.5,84.5
2024-10-13,82.5,84.5
2024-10-14,83.0,85.0
2024-10-15,83.0,85.0
2024-10-16,84.0,86.0
2024-10-17,84.0,86.0
2024-10-18,84.0,86.0
2024-10-19,84.0,86.0
2024-10-20,84.0,86.0
2024-10-21,86.0,88.0
2024-10-22,87.0,89.0
2024-10-23,87.0,89.0
2024-10-24,87.0,89.0
2024-10-25,87.0,89.0
2024-10-26,87.0,89.0
2024-10-27,87.0,89.0
2024-10-28,87.0,89.0
2024-10-29,87.0,89.0
2024-10-31,88.0,90.0
2024-11-01,71.8,74.3
2024-11-03,80.0,82.0
2024-11-04,82.4,84.4
2024-11-05,88.8,91.3
2024-11-06,74.98,76.98
2024-11-07,74.98,76.98
2024-11-09,78.5,80.5
2024-11-10,82.5,84.5
2024-11-29,83.3,85.8
2024-11-30,83.3,85.8
2024-12-01,72.8,75.3
2024-12-03,80.3,82.3
2024-12-04,82.2,84.2
2024-12-06,74.98,76.98
2024-12-07,75.48,76.98
2024-12-08,76.5,78.5
2024-12-09,78.5,80.5
2024-12-10,82.5,84.5
2025-03-21,94.7,97.7
2025-03-22,94.7,97.7
